#VRML V2.0 utf8


Group {
  children 
    DEF o0 Group {
      children [ 
        DEF o1 Group {
          children 
            DEF o2 Transform {
              translation 0 -1.2 92.800003
              rotation 0 0 1  0
              scale 1 1 1
              scaleOrientation 0 0 1  0
              center 0 0 0
              children [ 
                DEF o3 Group {
                  children [ 
                    DEF o4 Group {
                      children 
                        DEF o5 Transform {
                          translation -0 -0 -0
                          rotation 0 0 1  0
                          scale 1 1 1
                          scaleOrientation 0 0 1  0
                          center 0 0 0

                        }

                    },
                      
                    DEF o6 Group {
                      children 
                        DEF o7 Transform {
                          translation 0 0 0
                          rotation 0 0 1  0
                          scale 1 1 1
                          scaleOrientation 0 0 1  0
                          center 0 0 0
                          children [ 
                            DEF o8 Group {
                              children [ 
                                DEF o9 Group {
                                  children 
                                    DEF o10 Shape {
                                      appearance 
                                      Appearance {
                                        material 
                                        Material {
                                          diffuseColor 1 1 1
                                          shininess 1

                                        }

                                      }
                                      geometry 
                                      IndexedLineSet {
                                        coord 
                                        DEF o11 Coordinate {
                                          point [ 47.5 13.5 0,
                                              -47.5 13.5 0,
                                              -47.5 13.5 0,
                                              -47.5 -13.5 0,
                                              -47.5 -13.5 0,
                                              47.5 -13.5 0,
                                              47.5 -13.5 0,
                                              47.5 13.5 0,
                                              47.5 13.5 0,
                                              -47.5 13.5 0,
                                              -47.5 -13.5 0,
                                              47.5 -13.5 0 ]

                                        }
                                        coordIndex [ 0, 1, -1, 2, 3, -1, 4, 5,
                                            -1, 6, 7, -1 ]

                                      }

                                    }

                                },
                                  
                                DEF o12 Group {
                                  children 
                                    DEF o13 Shape {
                                      appearance 
                                      Appearance {
                                        material 
                                        Material {
                                          emissiveColor 1 1 1

                                        }

                                      }
                                      geometry 
                                      PointSet {
                                        coord 
                                        USE o11

                                      }

                                    }

                                } ]

                            },
                              
                            DEF o14 Group {
                              children 
                                DEF o15 Group {
                                  children 
                                    DEF o16 Shape {
                                      appearance 
                                      Appearance {
                                        material 
                                        Material {
                                          diffuseColor 1 1 1
                                          transparency 0.80000001

                                        }

                                      }
                                      geometry 
                                      IndexedFaceSet {
                                        coord 
                                        DEF o17 Coordinate {
                                          point 0 0 0

                                        }
                                        normal 
                                        DEF o18 Normal {
                                          vector [  ]

                                        }
                                        coordIndex 0
                                        ccw TRUE
                                        solid FALSE
                                        convex TRUE
                                        creaseAngle 0

                                      }

                                    }

                                }

                            } ]

                        }

                    },
                      
                    DEF o19 Group {
                      children 
                        DEF o20 Transform {
                          translation 0 0 0
                          rotation 0 0 1  0
                          scale 1 1 1
                          scaleOrientation 0 0 1  0
                          center 0 0 0
                          children 
                            DEF o21 Group {

                            }

                        }

                    },
                      
                    DEF o22 Group {
                      children 
                        DEF o23 Transform {
                          translation 0 0 2
                          rotation 0 0 1  0
                          scale 1 1 1
                          scaleOrientation 0 0 1  0
                          center 0 0 0
                          children [ 
                            DEF o24 Group {
                              children [ 
                                DEF o25 Group {
                                  children 
                                    DEF o26 Shape {
                                      appearance 
                                      Appearance {
                                        material 
                                        Material {
                                          diffuseColor 1 1 1
                                          shininess 1

                                        }

                                      }
                                      geometry 
                                      IndexedLineSet {
                                        coord 
                                        DEF o27 Coordinate {
                                          point [ -43.200001 10.5 0,
                                              -43.237774 10.81111 0,
                                              -43.348907 11.10414 0,
                                              -43.526936 11.36206 0,
                                              -43.761517 11.569879 0,
                                              -44.039013 11.715521 0,
                                              -44.343304 11.790522 0,
                                              -44.656696 11.790522 0,
                                              -44.960987 11.715521 0,
                                              -45.238483 11.569879 0,
                                              -45.473064 11.36206 0,
                                              -45.651093 11.10414 0,
                                              -45.762226 10.81111 0,
                                              -45.799999 10.5 0,
                                              -45.762226 10.18889 0,
                                              -45.651093 9.8958597 0,
                                              -45.473064 9.6379404 0,
                                              -45.238483 9.4301214 0,
                                              -44.960987 9.2844791 0,
                                              -44.656696 9.2094784 0,
                                              -44.343304 9.2094784 0,
                                              -44.039013 9.2844791 0,
                                              -43.761517 9.4301214 0,
                                              -43.526936 9.6379404 0,
                                              -43.348907 9.8958597 0,
                                              -43.237774 10.18889 0,
                                              -43.200001 10.5 0,
                                              45.799999 10.5 0,
                                              45.762226 10.81111 0,
                                              45.651093 11.10414 0,
                                              45.473064 11.36206 0,
                                              45.238483 11.569879 0,
                                              44.960987 11.715521 0,
                                              44.656696 11.790522 0,
                                              44.343304 11.790522 0,
                                              44.039013 11.715521 0,
                                              43.761517 11.569879 0,
                                              43.526936 11.36206 0,
                                              43.348907 11.10414 0,
                                              43.237774 10.81111 0,
                                              43.200001 10.5 0,
                                              43.237774 10.18889 0,
                                              43.348907 9.8958597 0,
                                              43.526936 9.6379404 0,
                                              43.761517 9.4301214 0,
                                              44.039013 9.2844791 0,
                                              44.343304 9.2094784 0,
                                              44.656696 9.2094784 0,
                                              44.960987 9.2844791 0,
                                              45.238483 9.4301214 0,
                                              45.473064 9.6379404 0,
                                              45.651093 9.8958597 0,
                                              45.762226 10.18889 0,
                                              45.799999 10.5 0,
                                              45.799999 -10.5 0,
                                              45.762226 -10.18889 0,
                                              45.651093 -9.8958597 0,
                                              45.473064 -9.6379404 0,
                                              45.238483 -9.4301214 0,
                                              44.960987 -9.2844791 0,
                                              44.656696 -9.2094784 0,
                                              44.343304 -9.2094784 0,
                                              44.039013 -9.2844791 0,
                                              43.761517 -9.4301214 0,
                                              43.526936 -9.6379404 0,
                                              43.348907 -9.8958597 0,
                                              43.237774 -10.18889 0,
                                              43.200001 -10.5 0,
                                              43.237774 -10.81111 0,
                                              43.348907 -11.10414 0,
                                              43.526936 -11.36206 0,
                                              43.761517 -11.569879 0,
                                              44.039013 -11.715521 0,
                                              44.343304 -11.790522 0,
                                              44.656696 -11.790522 0,
                                              44.960987 -11.715521 0,
                                              45.238483 -11.569879 0,
                                              45.473064 -11.36206 0,
                                              45.651093 -11.10414 0,
                                              45.762226 -10.81111 0,
                                              45.799999 -10.5 0,
                                              -43.200001 -10.5 0,
                                              -43.237774 -10.18889 0,
                                              -43.348907 -9.8958597 0,
                                              -43.526936 -9.6379404 0,
                                              -43.761517 -9.4301214 0,
                                              -44.039013 -9.2844791 0,
                                              -44.343304 -9.2094784 0,
                                              -44.656696 -9.2094784 0,
                                              -44.960987 -9.2844791 0,
                                              -45.238483 -9.4301214 0,
                                              -45.473064 -9.6379404 0,
                                              -45.651093 -9.8958597 0,
                                              -45.762226 -10.18889 0,
                                              -45.799999 -10.5 0,
                                              -45.762226 -10.81111 0,
                                              -45.651093 -11.10414 0,
                                              -45.473064 -11.36206 0,
                                              -45.238483 -11.569879 0,
                                              -44.960987 -11.715521 0,
                                              -44.656696 -11.790522 0,
                                              -44.343304 -11.790522 0,
                                              -44.039013 -11.715521 0,
                                              -43.761517 -11.569879 0,
                                              -43.526936 -11.36206 0,
                                              -43.348907 -11.10414 0,
                                              -43.237774 -10.81111 0,
                                              -43.200001 -10.5 0,
                                              -43.200001 10.5 0,
                                              45.799999 10.5 0,
                                              45.799999 -10.5 0,
                                              -43.200001 -10.5 0 ]

                                        }
                                        coordIndex [ 0, 1, 2, 3, 4, 5, 6, 7,
                                            8, 9, 10, 11, 12, 13, 14, 15,
                                            16, 17, 18, 19, 20, 21, 22, 23,
                                            24, 25, 26, -1, 27, 28, 29, 30,
                                            31, 32, 33, 34, 35, 36, 37, 38,
                                            39, 40, 41, 42, 43, 44, 45, 46,
                                            47, 48, 49, 50, 51, 52, 53, -1,
                                            54, 55, 56, 57, 58, 59, 60, 61,
                                            62, 63, 64, 65, 66, 67, 68, 69,
                                            70, 71, 72, 73, 74, 75, 76, 77,
                                            78, 79, 80, -1, 81, 82, 83, 84,
                                            85, 86, 87, 88, 89, 90, 91, 92,
                                            93, 94, 95, 96, 97, 98, 99, 100,
                                            101, 102, 103, 104, 105, 106, 107, -1 ]

                                      }

                                    }

                                },
                                  
                                DEF o28 Group {
                                  children 
                                    DEF o29 Shape {
                                      appearance 
                                      Appearance {
                                        material 
                                        Material {
                                          emissiveColor 1 1 1

                                        }

                                      }
                                      geometry 
                                      PointSet {
                                        coord 
                                        USE o27

                                      }

                                    }

                                } ]

                            },
                              
                            DEF o30 Group {
                              children 
                                DEF o31 Group {
                                  children 
                                    DEF o32 Shape {
                                      appearance 
                                      Appearance {
                                        material 
                                        Material {
                                          diffuseColor 1 1 1
                                          transparency 0.80000001

                                        }

                                      }
                                      geometry 
                                      IndexedFaceSet {
                                        coord 
                                        USE o17
                                        normal 
                                        USE o18
                                        coordIndex 0
                                        ccw TRUE
                                        solid FALSE
                                        convex TRUE
                                        creaseAngle 0

                                      }

                                    }

                                }

                            } ]

                        }

                    },
                      
                    DEF o33 Group {
                      children 
                        DEF o34 Transform {
                          translation 0 0 0
                          rotation 0 0 1  0
                          scale 1 1 1
                          scaleOrientation 0 0 1  0
                          center 0 0 0
                          children 
                            DEF o35 Group {

                            }

                        }

                    },
                      
                    DEF o36 Group {
                      children 
                        DEF o37 Transform {
                          translation 0 0 0
                          rotation 0 0 1  0
                          scale 1 1 1
                          scaleOrientation 0 0 1  0
                          center 0 0 0
                          children 
                            DEF o38 Group {

                            }

                        }

                    },
                      
                    DEF o39 Group {
                      children 
                        DEF o40 Transform {
                          translation 0 0 2
                          rotation 0 0 1  0
                          scale 1 1 1
                          scaleOrientation 0 0 1  0
                          center 0 0 0
                          children [ 
                            DEF o41 Group {
                              children [ 
                                DEF o42 Group {
                                  children 
                                    DEF o43 Shape {
                                      appearance 
                                      Appearance {
                                        material 
                                        Material {
                                          diffuseColor 1 1 1
                                          shininess 1

                                        }

                                      }
                                      geometry 
                                      IndexedLineSet {
                                        coord 
                                        DEF o44 Coordinate {
                                          point [ -32.650002 -0.30000001 0,
                                              -32.700851 0.11880241 0,
                                              -32.850452 0.51326555 0,
                                              -33.090107 0.86046463 0,
                                              -33.405888 1.1402217 0,
                                              -33.779442 1.3362784 0,
                                              -34.18906 1.4372405 0,
                                              -34.610939 1.4372405 0,
                                              -35.020557 1.3362784 0,
                                              -35.394112 1.1402217 0,
                                              -35.709892 0.86046463 0,
                                              -35.949547 0.51326555 0,
                                              -36.099148 0.11880241 0,
                                              -36.150002 -0.30000001 0,
                                              -36.099148 -0.71880239 0,
                                              -35.949547 -1.1132655 0,
                                              -35.709892 -1.4604646 0,
                                              -35.394112 -1.7402217 0,
                                              -35.020557 -1.9362785 0,
                                              -34.610939 -2.0372405 0,
                                              -34.18906 -2.0372405 0,
                                              -33.779442 -1.9362785 0,
                                              -33.405888 -1.7402217 0,
                                              -33.090107 -1.4604646 0,
                                              -32.850452 -1.1132655 0,
                                              -32.700851 -0.71880239 0,
                                              -32.650002 -0.30000001 0,
                                              -21.4 0.30000001 0,
                                              -21.463125 0.88042021 0,
                                              -21.649546 1.4337006 0,
                                              -21.950548 1.9339703 0,
                                              -22.352057 2.3578374 0,
                                              -22.835297 2.6854825 0,
                                              -23.377674 2.9015849 0,
                                              -23.953825 2.9960401 0,
                                              -24.536812 2.9644315 0,
                                              -25.099373 2.8082371 0,
                                              -25.615206 2.5347602 0,
                                              -26.060188 2.1567886 0,
                                              -26.413515 1.6919954 0,
                                              -26.658663 1.1621141 0,
                                              -26.784172 0.59192133 0,
                                              -26.784172 0.0080786506 0,
                                              -26.658663 -0.56211412 0,
                                              -26.413515 -1.0919954 0,
                                              -26.060188 -1.5567886 0,
                                              -25.615206 -1.9347603 0,
                                              -25.099373 -2.2082372 0,
                                              -24.536812 -2.3644316 0,
                                              -23.953825 -2.3960402 0,
                                              -23.377674 -2.301585 0,
                                              -22.835297 -2.0854826 0,
                                              -22.352057 -1.7578375 0,
                                              -21.950548 -1.3339704 0,
                                              -21.649546 -0.8337006 0,
                                              -21.463125 -0.28042018 0,
                                              -21.4 0.30000001 0,
                                              -32.650002 -0.30000001 0,
                                              -21.4 0.30000001 0 ]

                                        }
                                        coordIndex [ 0, 1, 2, 3, 4, 5, 6, 7,
                                            8, 9, 10, 11, 12, 13, 14, 15,
                                            16, 17, 18, 19, 20, 21, 22, 23,
                                            24, 25, 26, -1, 27, 28, 29, 30,
                                            31, 32, 33, 34, 35, 36, 37, 38,
                                            39, 40, 41, 42, 43, 44, 45, 46,
                                            47, 48, 49, 50, 51, 52, 53, 54,
                                            55, 56, -1 ]

                                      }

                                    }

                                },
                                  
                                DEF o45 Group {
                                  children 
                                    DEF o46 Shape {
                                      appearance 
                                      Appearance {
                                        material 
                                        Material {
                                          emissiveColor 1 1 1

                                        }

                                      }
                                      geometry 
                                      PointSet {
                                        coord 
                                        USE o44

                                      }

                                    }

                                } ]

                            },
                              
                            DEF o47 Group {
                              children 
                                DEF o48 Group {
                                  children 
                                    DEF o49 Shape {
                                      appearance 
                                      Appearance {
                                        material 
                                        Material {
                                          diffuseColor 1 1 1
                                          transparency 0.80000001

                                        }

                                      }
                                      geometry 
                                      IndexedFaceSet {
                                        coord 
                                        USE o17
                                        normal 
                                        USE o18
                                        coordIndex 0
                                        ccw TRUE
                                        solid FALSE
                                        convex TRUE
                                        creaseAngle 0

                                      }

                                    }

                                }

                            } ]

                        }

                    },
                      
                    DEF o50 Group {
                      children 
                        DEF o51 Transform {
                          translation 0 0 0
                          rotation 0 0 1  0
                          scale 1 1 1
                          scaleOrientation 0 0 1  0
                          center 0 0 0
                          children [ 
                            DEF o52 Group {
                              children [ 
                                DEF o53 Group {
                                  children 
                                    DEF o54 Shape {
                                      appearance 
                                      Appearance {
                                        material 
                                        Material {
                                          emissiveColor 1 1 1

                                        }

                                      }
                                      geometry 
                                      PointSet {
                                        coord 
                                        DEF o55 Coordinate {
                                          point [ 44.5 13.5 0,
                                              -44.5 13.5 0,
                                              44.5 13.5 2,
                                              -44.5 13.5 2,
                                              44.5 13.5 0,
                                              -44.5 13.5 0,
                                              -45.167564 13.424784 0,
                                              -45.801651 13.202907 0,
                                              -46.370468 12.845494 0,
                                              -46.845493 12.370469 0,
                                              -47.202908 11.801651 0,
                                              -47.424786 11.167562 0,
                                              -47.5 10.5 0,
                                              -47.5 -10.5 0,
                                              -47.424786 -11.167562 0,
                                              -47.202908 -11.801651 0,
                                              -46.845493 -12.370469 0,
                                              -46.370468 -12.845494 0,
                                              -45.801651 -13.202907 0,
                                              -45.167564 -13.424784 0,
                                              -44.5 -13.5 0,
                                              44.5 -13.5 0,
                                              47.5 -10.5 0,
                                              47.424786 -11.167562 0,
                                              47.202908 -11.801651 0,
                                              46.845493 -12.370469 0,
                                              46.370468 -12.845494 0,
                                              45.801651 -13.202907 0,
                                              45.167564 -13.424784 0,
                                              47.5 10.5 0,
                                              45.167564 13.424784 0,
                                              45.801651 13.202907 0,
                                              46.370468 12.845494 0,
                                              46.845493 12.370469 0,
                                              47.202908 11.801651 0,
                                              47.424786 11.167562 0,
                                              -43.200001 -10.5 0,
                                              -43.237774 -10.18889 0,
                                              -43.348907 -9.8958597 0,
                                              -43.526936 -9.6379404 0,
                                              -43.761517 -9.4301214 0,
                                              -44.039013 -9.2844791 0,
                                              -44.343304 -9.2094784 0,
                                              -44.656696 -9.2094784 0,
                                              -44.960987 -9.2844791 0,
                                              -45.238483 -9.4301214 0,
                                              -45.473064 -9.6379404 0,
                                              -45.651093 -9.8958597 0,
                                              -45.762226 -10.18889 0,
                                              -45.799999 -10.5 0,
                                              -45.762226 -10.81111 0,
                                              -45.651093 -11.10414 0,
                                              -45.473064 -11.36206 0,
                                              -45.238483 -11.569879 0,
                                              -44.960987 -11.715521 0,
                                              -44.656696 -11.790522 0,
                                              -44.343304 -11.790522 0,
                                              -44.039013 -11.715521 0,
                                              -43.761517 -11.569879 0,
                                              -43.526936 -11.36206 0,
                                              -43.348907 -11.10414 0,
                                              -43.237774 -10.81111 0,
                                              -32.650002 -0.30000001 0,
                                              -32.700851 0.11880241 0,
                                              -32.850452 0.51326555 0,
                                              -33.090107 0.86046463 0,
                                              -33.405888 1.1402217 0,
                                              -33.779442 1.3362784 0,
                                              -34.18906 1.4372405 0,
                                              -34.610939 1.4372405 0,
                                              -35.020557 1.3362784 0,
                                              -35.394112 1.1402217 0,
                                              -35.709892 0.86046463 0,
                                              -35.949547 0.51326555 0,
                                              -36.099148 0.11880241 0,
                                              -36.150002 -0.30000001 0,
                                              -36.099148 -0.71880239 0,
                                              -35.949547 -1.1132655 0,
                                              -35.709892 -1.4604646 0,
                                              -35.394112 -1.7402217 0,
                                              -35.020557 -1.9362785 0,
                                              -34.610939 -2.0372405 0,
                                              -34.18906 -2.0372405 0,
                                              -33.779442 -1.9362785 0,
                                              -33.405888 -1.7402217 0,
                                              -33.090107 -1.4604646 0,
                                              -32.850452 -1.1132655 0,
                                              -32.700851 -0.71880239 0,
                                              45.799999 -10.5 0,
                                              45.762226 -10.18889 0,
                                              45.651093 -9.8958597 0,
                                              45.473064 -9.6379404 0,
                                              45.238483 -9.4301214 0,
                                              44.960987 -9.2844791 0,
                                              44.656696 -9.2094784 0,
                                              44.343304 -9.2094784 0,
                                              44.039013 -9.2844791 0,
                                              43.761517 -9.4301214 0,
                                              43.526936 -9.6379404 0,
                                              43.348907 -9.8958597 0,
                                              43.237774 -10.18889 0,
                                              43.200001 -10.5 0,
                                              43.237774 -10.81111 0,
                                              43.348907 -11.10414 0,
                                              43.526936 -11.36206 0,
                                              43.761517 -11.569879 0,
                                              44.039013 -11.715521 0,
                                              44.343304 -11.790522 0,
                                              44.656696 -11.790522 0,
                                              44.960987 -11.715521 0,
                                              45.238483 -11.569879 0,
                                              45.473064 -11.36206 0,
                                              45.651093 -11.10414 0,
                                              45.762226 -10.81111 0,
                                              -21.4 0.30000001 0,
                                              -21.478456 0.94615227 0,
                                              -21.709269 1.5547526 0,
                                              -22.079021 2.0904312 0,
                                              -22.566225 2.5220563 0,
                                              -23.142567 2.824544 0,
                                              -23.774551 2.980314 0,
                                              -24.425449 2.980314 0,
                                              -25.057434 2.824544 0,
                                              -25.633776 2.5220563 0,
                                              -26.120979 2.0904312 0,
                                              -26.490732 1.5547526 0,
                                              -26.721542 0.94615227 0,
                                              -26.799999 0.30000001 0,
                                              -26.721542 -0.34615231 0,
                                              -26.490732 -0.95475256 0,
                                              -26.120979 -1.4904312 0,
                                              -25.633776 -1.9220564 0,
                                              -25.057434 -2.2245438 0,
                                              -24.425449 -2.3803139 0,
                                              -23.774551 -2.3803139 0,
                                              -23.142567 -2.2245438 0,
                                              -22.566225 -1.9220564 0,
                                              -22.079021 -1.4904312 0,
                                              -21.709269 -0.95475256 0,
                                              -21.478456 -0.34615231 0,
                                              -43.200001 10.5 0,
                                              -43.237774 10.81111 0,
                                              -43.348907 11.10414 0,
                                              -43.526936 11.36206 0,
                                              -43.761517 11.569879 0,
                                              -44.039013 11.715521 0,
                                              -44.343304 11.790522 0,
                                              -44.656696 11.790522 0,
                                              -44.960987 11.715521 0,
                                              -45.238483 11.569879 0,
                                              -45.473064 11.36206 0,
                                              -45.651093 11.10414 0,
                                              -45.762226 10.81111 0,
                                              -45.799999 10.5 0,
                                              -45.762226 10.18889 0,
                                              -45.651093 9.8958597 0,
                                              -45.473064 9.6379404 0,
                                              -45.238483 9.4301214 0,
                                              -44.960987 9.2844791 0,
                                              -44.656696 9.2094784 0,
                                              -44.343304 9.2094784 0,
                                              -44.039013 9.2844791 0,
                                              -43.761517 9.4301214 0,
                                              -43.526936 9.6379404 0,
                                              -43.348907 9.8958597 0,
                                              -43.237774 10.18889 0,
                                              45.799999 10.5 0,
                                              45.762226 10.81111 0,
                                              45.651093 11.10414 0,
                                              45.473064 11.36206 0,
                                              45.238483 11.569879 0,
                                              44.960987 11.715521 0,
                                              44.656696 11.790522 0,
                                              44.343304 11.790522 0,
                                              44.039013 11.715521 0,
                                              43.761517 11.569879 0,
                                              43.526936 11.36206 0,
                                              43.348907 11.10414 0,
                                              43.237774 10.81111 0,
                                              43.200001 10.5 0,
                                              43.237774 10.18889 0,
                                              43.348907 9.8958597 0,
                                              43.526936 9.6379404 0,
                                              43.761517 9.4301214 0,
                                              44.039013 9.2844791 0,
                                              44.343304 9.2094784 0,
                                              44.656696 9.2094784 0,
                                              44.960987 9.2844791 0,
                                              45.238483 9.4301214 0,
                                              45.473064 9.6379404 0,
                                              45.651093 9.8958597 0,
                                              45.762226 10.18889 0,
                                              44.5 13.5 0,
                                              45.167564 13.424784 0,
                                              45.801651 13.202907 0,
                                              46.370468 12.845494 0,
                                              46.845493 12.370469 0,
                                              47.202908 11.801651 0,
                                              47.424786 11.167562 0,
                                              47.5 10.5 0,
                                              47.5 10.5 2,
                                              44.5 13.5 2,
                                              45.167564 13.424784 2,
                                              45.801651 13.202907 2,
                                              46.370468 12.845494 2,
                                              46.845493 12.370469 2,
                                              47.202908 11.801651 2,
                                              47.424786 11.167562 2,
                                              -44.5 13.5 0,
                                              -45.167564 13.424784 0,
                                              -45.801651 13.202907 0,
                                              -46.370468 12.845494 0,
                                              -46.845493 12.370469 0,
                                              -47.202908 11.801651 0,
                                              -47.424786 11.167562 0,
                                              -47.5 10.5 0,
                                              -47.5 10.5 2,
                                              -44.5 13.5 2,
                                              -45.167564 13.424784 2,
                                              -45.801651 13.202907 2,
                                              -46.370468 12.845494 2,
                                              -46.845493 12.370469 2,
                                              -47.202908 11.801651 2,
                                              -47.424786 11.167562 2,
                                              44.5 13.5 2,
                                              -44.5 13.5 2,
                                              -45.167564 13.424784 2,
                                              -45.801651 13.202907 2,
                                              -46.370468 12.845494 2,
                                              -46.845493 12.370469 2,
                                              -47.202908 11.801651 2,
                                              -47.424786 11.167562 2,
                                              -47.5 10.5 2,
                                              -47.5 -10.5 2,
                                              -47.424786 -11.167562 2,
                                              -47.202908 -11.801651 2,
                                              -46.845493 -12.370469 2,
                                              -46.370468 -12.845494 2,
                                              -45.801651 -13.202907 2,
                                              -45.167564 -13.424784 2,
                                              -44.5 -13.5 2,
                                              44.5 -13.5 2,
                                              47.5 -10.5 2,
                                              47.424786 -11.167562 2,
                                              47.202908 -11.801651 2,
                                              46.845493 -12.370469 2,
                                              46.370468 -12.845494 2,
                                              45.801651 -13.202907 2,
                                              45.167564 -13.424784 2,
                                              47.5 10.5 2,
                                              45.167564 13.424784 2,
                                              45.801651 13.202907 2,
                                              46.370468 12.845494 2,
                                              46.845493 12.370469 2,
                                              47.202908 11.801651 2,
                                              47.424786 11.167562 2,
                                              -43.200001 -10.5 2,
                                              -43.237774 -10.18889 2,
                                              -43.348907 -9.8958597 2,
                                              -43.526936 -9.6379404 2,
                                              -43.761517 -9.4301214 2,
                                              -44.039013 -9.2844791 2,
                                              -44.343304 -9.2094784 2,
                                              -44.656696 -9.2094784 2,
                                              -44.960987 -9.2844791 2,
                                              -45.238483 -9.4301214 2,
                                              -45.473064 -9.6379404 2,
                                              -45.651093 -9.8958597 2,
                                              -45.762226 -10.18889 2,
                                              -45.799999 -10.5 2,
                                              -45.762226 -10.81111 2,
                                              -45.651093 -11.10414 2,
                                              -45.473064 -11.36206 2,
                                              -45.238483 -11.569879 2,
                                              -44.960987 -11.715521 2,
                                              -44.656696 -11.790522 2,
                                              -44.343304 -11.790522 2,
                                              -44.039013 -11.715521 2,
                                              -43.761517 -11.569879 2,
                                              -43.526936 -11.36206 2,
                                              -43.348907 -11.10414 2,
                                              -43.237774 -10.81111 2,
                                              -32.650002 -0.30000001 2,
                                              -32.700851 0.11880241 2,
                                              -32.850452 0.51326555 2,
                                              -33.090107 0.86046463 2,
                                              -33.405888 1.1402217 2,
                                              -33.779442 1.3362784 2,
                                              -34.18906 1.4372405 2,
                                              -34.610939 1.4372405 2,
                                              -35.020557 1.3362784 2,
                                              -35.394112 1.1402217 2,
                                              -35.709892 0.86046463 2,
                                              -35.949547 0.51326555 2,
                                              -36.099148 0.11880241 2,
                                              -36.150002 -0.30000001 2,
                                              -36.099148 -0.71880239 2,
                                              -35.949547 -1.1132655 2,
                                              -35.709892 -1.4604646 2,
                                              -35.394112 -1.7402217 2,
                                              -35.020557 -1.9362785 2,
                                              -34.610939 -2.0372405 2,
                                              -34.18906 -2.0372405 2,
                                              -33.779442 -1.9362785 2,
                                              -33.405888 -1.7402217 2,
                                              -33.090107 -1.4604646 2,
                                              -32.850452 -1.1132655 2,
                                              -32.700851 -0.71880239 2,
                                              45.799999 -10.5 2,
                                              45.762226 -10.18889 2,
                                              45.651093 -9.8958597 2,
                                              45.473064 -9.6379404 2,
                                              45.238483 -9.4301214 2,
                                              44.960987 -9.2844791 2,
                                              44.656696 -9.2094784 2,
                                              44.343304 -9.2094784 2,
                                              44.039013 -9.2844791 2,
                                              43.761517 -9.4301214 2,
                                              43.526936 -9.6379404 2,
                                              43.348907 -9.8958597 2,
                                              43.237774 -10.18889 2,
                                              43.200001 -10.5 2,
                                              43.237774 -10.81111 2,
                                              43.348907 -11.10414 2,
                                              43.526936 -11.36206 2,
                                              43.761517 -11.569879 2,
                                              44.039013 -11.715521 2,
                                              44.343304 -11.790522 2,
                                              44.656696 -11.790522 2,
                                              44.960987 -11.715521 2,
                                              45.238483 -11.569879 2,
                                              45.473064 -11.36206 2,
                                              45.651093 -11.10414 2,
                                              45.762226 -10.81111 2,
                                              -21.4 0.30000001 2,
                                              -21.478456 0.94615227 2,
                                              -21.709269 1.5547526 2,
                                              -22.079021 2.0904312 2,
                                              -22.566225 2.5220563 2,
                                              -23.142567 2.824544 2,
                                              -23.774551 2.980314 2,
                                              -24.425449 2.980314 2,
                                              -25.057434 2.824544 2,
                                              -25.633776 2.5220563 2,
                                              -26.120979 2.0904312 2,
                                              -26.490732 1.5547526 2,
                                              -26.721542 0.94615227 2,
                                              -26.799999 0.30000001 2,
                                              -26.721542 -0.34615231 2,
                                              -26.490732 -0.95475256 2,
                                              -26.120979 -1.4904312 2,
                                              -25.633776 -1.9220564 2,
                                              -25.057434 -2.2245438 2,
                                              -24.425449 -2.3803139 2,
                                              -23.774551 -2.3803139 2,
                                              -23.142567 -2.2245438 2,
                                              -22.566225 -1.9220564 2,
                                              -22.079021 -1.4904312 2,
                                              -21.709269 -0.95475256 2,
                                              -21.478456 -0.34615231 2,
                                              -43.200001 10.5 2,
                                              -43.237774 10.81111 2,
                                              -43.348907 11.10414 2,
                                              -43.526936 11.36206 2,
                                              -43.761517 11.569879 2,
                                              -44.039013 11.715521 2,
                                              -44.343304 11.790522 2,
                                              -44.656696 11.790522 2,
                                              -44.960987 11.715521 2,
                                              -45.238483 11.569879 2,
                                              -45.473064 11.36206 2,
                                              -45.651093 11.10414 2,
                                              -45.762226 10.81111 2,
                                              -45.799999 10.5 2,
                                              -45.762226 10.18889 2,
                                              -45.651093 9.8958597 2,
                                              -45.473064 9.6379404 2,
                                              -45.238483 9.4301214 2,
                                              -44.960987 9.2844791 2,
                                              -44.656696 9.2094784 2,
                                              -44.343304 9.2094784 2,
                                              -44.039013 9.2844791 2,
                                              -43.761517 9.4301214 2,
                                              -43.526936 9.6379404 2,
                                              -43.348907 9.8958597 2,
                                              -43.237774 10.18889 2,
                                              45.799999 10.5 2,
                                              45.762226 10.81111 2,
                                              45.651093 11.10414 2,
                                              45.473064 11.36206 2,
                                              45.238483 11.569879 2,
                                              44.960987 11.715521 2,
                                              44.656696 11.790522 2,
                                              44.343304 11.790522 2,
                                              44.039013 11.715521 2,
                                              43.761517 11.569879 2,
                                              43.526936 11.36206 2,
                                              43.348907 11.10414 2,
                                              43.237774 10.81111 2,
                                              43.200001 10.5 2,
                                              43.237774 10.18889 2,
                                              43.348907 9.8958597 2,
                                              43.526936 9.6379404 2,
                                              43.761517 9.4301214 2,
                                              44.039013 9.2844791 2,
                                              44.343304 9.2094784 2,
                                              44.656696 9.2094784 2,
                                              44.960987 9.2844791 2,
                                              45.238483 9.4301214 2,
                                              45.473064 9.6379404 2,
                                              45.651093 9.8958597 2,
                                              45.762226 10.18889 2,
                                              47.5 -10.5 0,
                                              47.5 10.5 0,
                                              47.5 -10.5 2,
                                              47.5 10.5 2,
                                              -47.5 10.5 0,
                                              -47.5 -10.5 0,
                                              -47.5 10.5 2,
                                              -47.5 -10.5 2,
                                              47.5 -10.5 0,
                                              47.424786 -11.167562 0,
                                              47.202908 -11.801651 0,
                                              46.845493 -12.370469 0,
                                              46.370468 -12.845494 0,
                                              45.801651 -13.202907 0,
                                              45.167564 -13.424784 0,
                                              44.5 -13.5 0,
                                              44.5 -13.5 2,
                                              47.5 -10.5 2,
                                              47.424786 -11.167562 2,
                                              47.202908 -11.801651 2,
                                              46.845493 -12.370469 2,
                                              46.370468 -12.845494 2,
                                              45.801651 -13.202907 2,
                                              45.167564 -13.424784 2,
                                              -47.5 -10.5 0,
                                              -47.424786 -11.167562 0,
                                              -47.202908 -11.801651 0,
                                              -46.845493 -12.370469 0,
                                              -46.370468 -12.845494 0,
                                              -45.801651 -13.202907 0,
                                              -45.167564 -13.424784 0,
                                              -44.5 -13.5 0,
                                              -44.5 -13.5 2,
                                              -47.5 -10.5 2,
                                              -47.424786 -11.167562 2,
                                              -47.202908 -11.801651 2,
                                              -46.845493 -12.370469 2,
                                              -46.370468 -12.845494 2,
                                              -45.801651 -13.202907 2,
                                              -45.167564 -13.424784 2,
                                              -44.5 -13.5 0,
                                              44.5 -13.5 0,
                                              -44.5 -13.5 2,
                                              44.5 -13.5 2,
                                              -43.200001 -10.5 2,
                                              -43.200001 -10.5 0,
                                              -43.237774 -10.18889 0,
                                              -43.348907 -9.8958597 0,
                                              -43.526936 -9.6379404 0,
                                              -43.761517 -9.4301214 0,
                                              -44.039013 -9.2844791 0,
                                              -44.343304 -9.2094784 0,
                                              -44.656696 -9.2094784 0,
                                              -44.960987 -9.2844791 0,
                                              -45.238483 -9.4301214 0,
                                              -45.473064 -9.6379404 0,
                                              -45.651093 -9.8958597 0,
                                              -45.762226 -10.18889 0,
                                              -45.799999 -10.5 0,
                                              -45.762226 -10.81111 0,
                                              -45.651093 -11.10414 0,
                                              -45.473064 -11.36206 0,
                                              -45.238483 -11.569879 0,
                                              -44.960987 -11.715521 0,
                                              -44.656696 -11.790522 0,
                                              -44.343304 -11.790522 0,
                                              -44.039013 -11.715521 0,
                                              -43.761517 -11.569879 0,
                                              -43.526936 -11.36206 0,
                                              -43.348907 -11.10414 0,
                                              -43.237774 -10.81111 0,
                                              -43.200001 -10.5 0,
                                              -43.200001 -10.5 2,
                                              -43.237774 -10.18889 2,
                                              -43.348907 -9.8958597 2,
                                              -43.526936 -9.6379404 2,
                                              -43.761517 -9.4301214 2,
                                              -44.039013 -9.2844791 2,
                                              -44.343304 -9.2094784 2,
                                              -44.656696 -9.2094784 2,
                                              -44.960987 -9.2844791 2,
                                              -45.238483 -9.4301214 2,
                                              -45.473064 -9.6379404 2,
                                              -45.651093 -9.8958597 2,
                                              -45.762226 -10.18889 2,
                                              -45.799999 -10.5 2,
                                              -45.762226 -10.81111 2,
                                              -45.651093 -11.10414 2,
                                              -45.473064 -11.36206 2,
                                              -45.238483 -11.569879 2,
                                              -44.960987 -11.715521 2,
                                              -44.656696 -11.790522 2,
                                              -44.343304 -11.790522 2,
                                              -44.039013 -11.715521 2,
                                              -43.761517 -11.569879 2,
                                              -43.526936 -11.36206 2,
                                              -43.348907 -11.10414 2,
                                              -43.237774 -10.81111 2,
                                              -32.650002 -0.30000001 2,
                                              -32.650002 -0.30000001 0,
                                              -32.700851 0.11880241 0,
                                              -32.850452 0.51326555 0,
                                              -33.090107 0.86046463 0,
                                              -33.405888 1.1402217 0,
                                              -33.779442 1.3362784 0,
                                              -34.18906 1.4372405 0,
                                              -34.610939 1.4372405 0,
                                              -35.020557 1.3362784 0,
                                              -35.394112 1.1402217 0,
                                              -35.709892 0.86046463 0,
                                              -35.949547 0.51326555 0,
                                              -36.099148 0.11880241 0,
                                              -36.150002 -0.30000001 0,
                                              -36.099148 -0.71880239 0,
                                              -35.949547 -1.1132655 0,
                                              -35.709892 -1.4604646 0,
                                              -35.394112 -1.7402217 0,
                                              -35.020557 -1.9362785 0,
                                              -34.610939 -2.0372405 0,
                                              -34.18906 -2.0372405 0,
                                              -33.779442 -1.9362785 0,
                                              -33.405888 -1.7402217 0,
                                              -33.090107 -1.4604646 0,
                                              -32.850452 -1.1132655 0,
                                              -32.700851 -0.71880239 0,
                                              -32.650002 -0.30000001 0,
                                              -32.650002 -0.30000001 2,
                                              -32.700851 0.11880241 2,
                                              -32.850452 0.51326555 2,
                                              -33.090107 0.86046463 2,
                                              -33.405888 1.1402217 2,
                                              -33.779442 1.3362784 2,
                                              -34.18906 1.4372405 2,
                                              -34.610939 1.4372405 2,
                                              -35.020557 1.3362784 2,
                                              -35.394112 1.1402217 2,
                                              -35.709892 0.86046463 2,
                                              -35.949547 0.51326555 2,
                                              -36.099148 0.11880241 2,
                                              -36.150002 -0.30000001 2,
                                              -36.099148 -0.71880239 2,
                                              -35.949547 -1.1132655 2,
                                              -35.709892 -1.4604646 2,
                                              -35.394112 -1.7402217 2,
                                              -35.020557 -1.9362785 2,
                                              -34.610939 -2.0372405 2,
                                              -34.18906 -2.0372405 2,
                                              -33.779442 -1.9362785 2,
                                              -33.405888 -1.7402217 2,
                                              -33.090107 -1.4604646 2,
                                              -32.850452 -1.1132655 2,
                                              -32.700851 -0.71880239 2,
                                              45.799999 -10.5 2,
                                              45.799999 -10.5 0,
                                              45.762226 -10.18889 0,
                                              45.651093 -9.8958597 0,
                                              45.473064 -9.6379404 0,
                                              45.238483 -9.4301214 0,
                                              44.960987 -9.2844791 0,
                                              44.656696 -9.2094784 0,
                                              44.343304 -9.2094784 0,
                                              44.039013 -9.2844791 0,
                                              43.761517 -9.4301214 0,
                                              43.526936 -9.6379404 0,
                                              43.348907 -9.8958597 0,
                                              43.237774 -10.18889 0,
                                              43.200001 -10.5 0,
                                              43.237774 -10.81111 0,
                                              43.348907 -11.10414 0,
                                              43.526936 -11.36206 0,
                                              43.761517 -11.569879 0,
                                              44.039013 -11.715521 0,
                                              44.343304 -11.790522 0,
                                              44.656696 -11.790522 0,
                                              44.960987 -11.715521 0,
                                              45.238483 -11.569879 0,
                                              45.473064 -11.36206 0,
                                              45.651093 -11.10414 0,
                                              45.762226 -10.81111 0,
                                              45.799999 -10.5 0,
                                              45.799999 -10.5 2,
                                              45.762226 -10.18889 2,
                                              45.651093 -9.8958597 2,
                                              45.473064 -9.6379404 2,
                                              45.238483 -9.4301214 2,
                                              44.960987 -9.2844791 2,
                                              44.656696 -9.2094784 2,
                                              44.343304 -9.2094784 2,
                                              44.039013 -9.2844791 2,
                                              43.761517 -9.4301214 2,
                                              43.526936 -9.6379404 2,
                                              43.348907 -9.8958597 2,
                                              43.237774 -10.18889 2,
                                              43.200001 -10.5 2,
                                              43.237774 -10.81111 2,
                                              43.348907 -11.10414 2,
                                              43.526936 -11.36206 2,
                                              43.761517 -11.569879 2,
                                              44.039013 -11.715521 2,
                                              44.343304 -11.790522 2,
                                              44.656696 -11.790522 2,
                                              44.960987 -11.715521 2,
                                              45.238483 -11.569879 2,
                                              45.473064 -11.36206 2,
                                              45.651093 -11.10414 2,
                                              45.762226 -10.81111 2,
                                              -21.4 0.30000001 2,
                                              -21.4 0.30000001 0,
                                              -21.478456 0.94615227 0,
                                              -21.709269 1.5547526 0,
                                              -22.079021 2.0904312 0,
                                              -22.566225 2.5220563 0,
                                              -23.142567 2.824544 0,
                                              -23.774551 2.980314 0,
                                              -24.425449 2.980314 0,
                                              -25.057434 2.824544 0,
                                              -25.633776 2.5220563 0,
                                              -26.120979 2.0904312 0,
                                              -26.490732 1.5547526 0,
                                              -26.721542 0.94615227 0,
                                              -26.799999 0.30000001 0,
                                              -26.721542 -0.34615231 0,
                                              -26.490732 -0.95475256 0,
                                              -26.120979 -1.4904312 0,
                                              -25.633776 -1.9220564 0,
                                              -25.057434 -2.2245438 0,
                                              -24.425449 -2.3803139 0,
                                              -23.774551 -2.3803139 0,
                                              -23.142567 -2.2245438 0,
                                              -22.566225 -1.9220564 0,
                                              -22.079021 -1.4904312 0,
                                              -21.709269 -0.95475256 0,
                                              -21.478456 -0.34615231 0,
                                              -21.4 0.30000001 0,
                                              -21.4 0.30000001 2,
                                              -21.478456 0.94615227 2,
                                              -21.709269 1.5547526 2,
                                              -22.079021 2.0904312 2,
                                              -22.566225 2.5220563 2,
                                              -23.142567 2.824544 2,
                                              -23.774551 2.980314 2,
                                              -24.425449 2.980314 2,
                                              -25.057434 2.824544 2,
                                              -25.633776 2.5220563 2,
                                              -26.120979 2.0904312 2,
                                              -26.490732 1.5547526 2,
                                              -26.721542 0.94615227 2,
                                              -26.799999 0.30000001 2,
                                              -26.721542 -0.34615231 2,
                                              -26.490732 -0.95475256 2,
                                              -26.120979 -1.4904312 2,
                                              -25.633776 -1.9220564 2,
                                              -25.057434 -2.2245438 2,
                                              -24.425449 -2.3803139 2,
                                              -23.774551 -2.3803139 2,
                                              -23.142567 -2.2245438 2,
                                              -22.566225 -1.9220564 2,
                                              -22.079021 -1.4904312 2,
                                              -21.709269 -0.95475256 2,
                                              -21.478456 -0.34615231 2,
                                              -43.200001 10.5 2,
                                              -43.200001 10.5 0,
                                              -43.237774 10.81111 0,
                                              -43.348907 11.10414 0,
                                              -43.526936 11.36206 0,
                                              -43.761517 11.569879 0,
                                              -44.039013 11.715521 0,
                                              -44.343304 11.790522 0,
                                              -44.656696 11.790522 0,
                                              -44.960987 11.715521 0,
                                              -45.238483 11.569879 0,
                                              -45.473064 11.36206 0,
                                              -45.651093 11.10414 0,
                                              -45.762226 10.81111 0,
                                              -45.799999 10.5 0,
                                              -45.762226 10.18889 0,
                                              -45.651093 9.8958597 0,
                                              -45.473064 9.6379404 0,
                                              -45.238483 9.4301214 0,
                                              -44.960987 9.2844791 0,
                                              -44.656696 9.2094784 0,
                                              -44.343304 9.2094784 0,
                                              -44.039013 9.2844791 0,
                                              -43.761517 9.4301214 0,
                                              -43.526936 9.6379404 0,
                                              -43.348907 9.8958597 0,
                                              -43.237774 10.18889 0,
                                              -43.200001 10.5 0,
                                              -43.200001 10.5 2,
                                              -43.237774 10.81111 2,
                                              -43.348907 11.10414 2,
                                              -43.526936 11.36206 2,
                                              -43.761517 11.569879 2,
                                              -44.039013 11.715521 2,
                                              -44.343304 11.790522 2,
                                              -44.656696 11.790522 2,
                                              -44.960987 11.715521 2,
                                              -45.238483 11.569879 2,
                                              -45.473064 11.36206 2,
                                              -45.651093 11.10414 2,
                                              -45.762226 10.81111 2,
                                              -45.799999 10.5 2,
                                              -45.762226 10.18889 2,
                                              -45.651093 9.8958597 2,
                                              -45.473064 9.6379404 2,
                                              -45.238483 9.4301214 2,
                                              -44.960987 9.2844791 2,
                                              -44.656696 9.2094784 2,
                                              -44.343304 9.2094784 2,
                                              -44.039013 9.2844791 2,
                                              -43.761517 9.4301214 2,
                                              -43.526936 9.6379404 2,
                                              -43.348907 9.8958597 2,
                                              -43.237774 10.18889 2,
                                              45.799999 10.5 2,
                                              45.799999 10.5 0,
                                              45.762226 10.81111 0,
                                              45.651093 11.10414 0,
                                              45.473064 11.36206 0,
                                              45.238483 11.569879 0,
                                              44.960987 11.715521 0,
                                              44.656696 11.790522 0,
                                              44.343304 11.790522 0,
                                              44.039013 11.715521 0,
                                              43.761517 11.569879 0,
                                              43.526936 11.36206 0,
                                              43.348907 11.10414 0,
                                              43.237774 10.81111 0,
                                              43.200001 10.5 0,
                                              43.237774 10.18889 0,
                                              43.348907 9.8958597 0,
                                              43.526936 9.6379404 0,
                                              43.761517 9.4301214 0,
                                              44.039013 9.2844791 0,
                                              44.343304 9.2094784 0,
                                              44.656696 9.2094784 0,
                                              44.960987 9.2844791 0,
                                              45.238483 9.4301214 0,
                                              45.473064 9.6379404 0,
                                              45.651093 9.8958597 0,
                                              45.762226 10.18889 0,
                                              45.799999 10.5 0,
                                              45.799999 10.5 2,
                                              45.762226 10.81111 2,
                                              45.651093 11.10414 2,
                                              45.473064 11.36206 2,
                                              45.238483 11.569879 2,
                                              44.960987 11.715521 2,
                                              44.656696 11.790522 2,
                                              44.343304 11.790522 2,
                                              44.039013 11.715521 2,
                                              43.761517 11.569879 2,
                                              43.526936 11.36206 2,
                                              43.348907 11.10414 2,
                                              43.237774 10.81111 2,
                                              43.200001 10.5 2,
                                              43.237774 10.18889 2,
                                              43.348907 9.8958597 2,
                                              43.526936 9.6379404 2,
                                              43.761517 9.4301214 2,
                                              44.039013 9.2844791 2,
                                              44.343304 9.2094784 2,
                                              44.656696 9.2094784 2,
                                              44.960987 9.2844791 2,
                                              45.238483 9.4301214 2,
                                              45.473064 9.6379404 2,
                                              45.651093 9.8958597 2,
                                              45.762226 10.18889 2,
                                              44.5 13.5 0,
                                              -44.5 13.5 0,
                                              44.5 13.5 2,
                                              -44.5 13.5 2,
                                              47.5 10.5 0,
                                              -47.5 10.5 0,
                                              47.5 -10.5 0,
                                              -47.5 -10.5 0,
                                              44.5 -13.5 0,
                                              -44.5 -13.5 0,
                                              -43.200001 -10.5 0,
                                              -32.650002 -0.30000001 0,
                                              45.799999 -10.5 0,
                                              -21.4 0.30000001 0,
                                              -43.200001 10.5 0,
                                              45.799999 10.5 0,
                                              47.5 10.5 2,
                                              -47.5 10.5 2,
                                              47.5 -10.5 2,
                                              -47.5 -10.5 2,
                                              44.5 -13.5 2,
                                              -44.5 -13.5 2,
                                              -43.200001 -10.5 2,
                                              -32.650002 -0.30000001 2,
                                              45.799999 -10.5 2,
                                              -21.4 0.30000001 2,
                                              -43.200001 10.5 2,
                                              45.799999 10.5 2 ]

                                        }

                                      }

                                    }

                                },
                                  
                                DEF o56 Group {
                                  children 
                                    DEF o57 Shape {
                                      appearance 
                                      Appearance {
                                        material 
                                        Material {
                                          diffuseColor 0 0 0
                                          ambientIntensity 0.10196079
                                          specularColor 0.05882353 0.05882353 0.05882353
                                          shininess 0.0077999998
                                          transparency 0.89999998

                                        }

                                      }
                                      geometry 
                                      IndexedFaceSet {
                                        coord 
                                        USE o55
                                        coordIndex [ 0, 1, 2, -1, 2, 1, 3, -1,
                                            16, 52, 17, -1, 52, 53, 17, -1,
                                            17, 53, 18, -1, 15, 51, 16, -1,
                                            16, 51, 52, -1, 53, 54, 18, -1,
                                            18, 54, 19, -1, 14, 50, 15, -1,
                                            15, 50, 51, -1, 54, 55, 19, -1,
                                            19, 55, 20, -1, 14, 49, 50, -1,
                                            13, 49, 14, -1, 55, 56, 20, -1,
                                            13, 48, 49, -1, 56, 57, 20, -1,
                                            13, 47, 48, -1, 57, 58, 20, -1,
                                            13, 46, 47, -1, 58, 59, 20, -1,
                                            13, 45, 46, -1, 59, 60, 20, -1,
                                            40, 78, 39, -1, 39, 79, 38, -1,
                                            78, 79, 39, -1, 40, 77, 78, -1,
                                            41, 77, 40, -1, 38, 80, 37, -1,
                                            79, 80, 38, -1, 42, 76, 41, -1,
                                            41, 76, 77, -1, 37, 81, 36, -1,
                                            80, 81, 37, -1, 43, 75, 42, -1,
                                            42, 75, 76, -1, 81, 82, 36, -1,
                                            36, 82, 61, -1, 12, 157, 13, -1,
                                            13, 157, 45, -1, 156, 157, 12, -1,
                                            12, 155, 156, -1, 82, 83, 61, -1,
                                            45, 158, 44, -1, 157, 158, 45, -1,
                                            12, 154, 155, -1, 44, 159, 43, -1,
                                            43, 159, 75, -1, 158, 159, 44, -1,
                                            11, 153, 12, -1, 12, 153, 154, -1,
                                            159, 160, 75, -1, 75, 160, 74, -1,
                                            10, 152, 11, -1, 11, 152, 153, -1,
                                            160, 161, 74, -1, 74, 161, 73, -1,
                                            10, 151, 152, -1, 10, 9, 151, -1,
                                            161, 162, 73, -1, 73, 162, 72, -1,
                                            9, 150, 151, -1, 72, 163, 71, -1,
                                            162, 163, 72, -1, 9, 8, 150, -1,
                                            150, 8, 149, -1, 163, 164, 71, -1,
                                            71, 164, 70, -1, 164, 165, 70, -1,
                                            70, 165, 69, -1, 165, 140, 69, -1,
                                            69, 140, 68, -1, 8, 7, 149, -1,
                                            149, 7, 148, -1, 140, 141, 68, -1,
                                            148, 6, 147, -1, 7, 6, 148, -1,
                                            143, 5, 142, -1, 144, 5, 143, -1,
                                            145, 5, 144, -1, 146, 5, 145, -1,
                                            147, 5, 146, -1, 6, 5, 147, -1,
                                            85, 130, 84, -1, 86, 130, 85, -1,
                                            130, 131, 84, -1, 84, 131, 83, -1,
                                            86, 129, 130, -1, 87, 129, 86, -1,
                                            61, 132, 60, -1, 83, 132, 61, -1,
                                            131, 132, 83, -1, 87, 128, 129, -1,
                                            62, 128, 87, -1, 60, 133, 20, -1,
                                            132, 133, 60, -1, 63, 127, 62, -1,
                                            62, 127, 128, -1, 133, 134, 20, -1,
                                            63, 126, 127, -1, 64, 126, 63, -1,
                                            134, 135, 20, -1, 65, 125, 64, -1,
                                            64, 125, 126, -1, 66, 124, 65, -1,
                                            67, 124, 66, -1, 65, 124, 125, -1,
                                            67, 123, 124, -1, 141, 123, 68, -1,
                                            68, 123, 67, -1, 142, 122, 141, -1,
                                            141, 122, 123, -1, 142, 121, 122, -1,
                                            5, 121, 142, -1, 5, 120, 121, -1,
                                            5, 119, 120, -1, 136, 21, 135, -1,
                                            137, 21, 136, -1, 135, 21, 20, -1,
                                            104, 105, 21, -1, 21, 103, 104, -1,
                                            137, 103, 21, -1, 105, 106, 21, -1,
                                            138, 102, 137, -1, 137, 102, 103, -1,
                                            106, 107, 21, -1, 139, 101, 138, -1,
                                            138, 101, 102, -1, 107, 108, 21, -1,
                                            21, 108, 28, -1, 139, 100, 101, -1,
                                            114, 100, 139, -1, 28, 109, 27, -1,
                                            108, 109, 28, -1, 27, 110, 26, -1,
                                            109, 110, 27, -1, 110, 111, 26, -1,
                                            111, 25, 26, -1, 111, 112, 25, -1,
                                            113, 24, 112, -1, 112, 24, 25, -1,
                                            88, 23, 113, -1, 113, 23, 24, -1,
                                            89, 22, 88, -1, 90, 22, 89, -1,
                                            91, 22, 90, -1, 92, 22, 91, -1,
                                            88, 22, 23, -1, 98, 183, 97, -1,
                                            182, 183, 98, -1, 99, 181, 98, -1,
                                            98, 181, 182, -1, 183, 184, 97, -1,
                                            97, 184, 96, -1, 99, 180, 181, -1,
                                            115, 180, 114, -1, 114, 180, 100, -1,
                                            100, 180, 99, -1, 184, 185, 96, -1,
                                            95, 185, 94, -1, 96, 185, 95, -1,
                                            116, 179, 115, -1, 115, 179, 180, -1,
                                            185, 186, 94, -1, 117, 178, 116, -1,
                                            116, 178, 179, -1, 93, 187, 92, -1,
                                            94, 187, 93, -1, 186, 187, 94, -1,
                                            117, 177, 178, -1, 187, 188, 92, -1,
                                            92, 188, 22, -1, 188, 29, 22, -1,
                                            189, 29, 188, -1, 190, 29, 189, -1,
                                            191, 29, 190, -1, 166, 29, 191, -1,
                                            117, 4, 177, -1, 118, 4, 117, -1,
                                            173, 4, 172, -1, 174, 4, 173, -1,
                                            175, 4, 174, -1, 176, 4, 175, -1,
                                            177, 4, 176, -1, 166, 35, 29, -1,
                                            167, 35, 166, -1, 4, 30, 172, -1,
                                            172, 30, 171, -1, 167, 34, 35, -1,
                                            168, 34, 167, -1, 30, 31, 171, -1,
                                            171, 31, 170, -1, 31, 32, 170, -1,
                                            170, 32, 169, -1, 168, 33, 34, -1,
                                            32, 33, 169, -1, 169, 33, 168, -1,
                                            5, 4, 119, -1, 119, 4, 118, -1,
                                            192, 202, 193, -1, 201, 202, 192, -1,
                                            193, 203, 194, -1, 202, 203, 193, -1,
                                            194, 204, 195, -1, 203, 204, 194, -1,
                                            195, 205, 196, -1, 204, 205, 195, -1,
                                            196, 206, 197, -1, 205, 206, 196, -1,
                                            197, 207, 198, -1, 206, 207, 197, -1,
                                            198, 200, 199, -1, 207, 200, 198, -1,
                                            218, 208, 209, -1, 218, 217, 208, -1,
                                            219, 209, 210, -1, 219, 218, 209, -1,
                                            220, 210, 211, -1, 220, 219, 210, -1,
                                            221, 211, 212, -1, 221, 220, 211, -1,
                                            222, 212, 213, -1, 222, 221, 212, -1,
                                            223, 213, 214, -1, 223, 222, 213, -1,
                                            216, 214, 215, -1, 216, 223, 214, -1,
                                            272, 236, 237, -1, 273, 272, 237, -1,
                                            273, 237, 238, -1, 271, 235, 236, -1,
                                            271, 236, 272, -1, 274, 273, 238, -1,
                                            274, 238, 239, -1, 270, 234, 235, -1,
                                            270, 235, 271, -1, 275, 274, 239, -1,
                                            275, 239, 240, -1, 269, 234, 270, -1,
                                            269, 233, 234, -1, 276, 275, 240, -1,
                                            268, 233, 269, -1, 277, 276, 240, -1,
                                            267, 233, 268, -1, 278, 277, 240, -1,
                                            266, 233, 267, -1, 279, 278, 240, -1,
                                            265, 233, 266, -1, 280, 279, 240, -1,
                                            298, 260, 259, -1, 299, 259, 258, -1,
                                            299, 298, 259, -1, 297, 260, 298, -1,
                                            297, 261, 260, -1, 300, 258, 257, -1,
                                            300, 299, 258, -1, 296, 262, 261, -1,
                                            296, 261, 297, -1, 301, 257, 256, -1,
                                            301, 300, 257, -1, 295, 263, 262, -1,
                                            295, 262, 296, -1, 302, 301, 256, -1,
                                            302, 256, 281, -1, 377, 232, 233, -1,
                                            377, 233, 265, -1, 377, 376, 232, -1,
                                            375, 232, 376, -1, 303, 302, 281, -1,
                                            378, 265, 264, -1, 378, 377, 265, -1,
                                            374, 232, 375, -1, 379, 264, 263, -1,
                                            379, 263, 295, -1, 379, 378, 264, -1,
                                            373, 231, 232, -1, 373, 232, 374, -1,
                                            380, 379, 295, -1, 380, 295, 294, -1,
                                            372, 230, 231, -1, 372, 231, 373, -1,
                                            381, 380, 294, -1, 381, 294, 293, -1,
                                            371, 230, 372, -1, 229, 230, 371, -1,
                                            382, 381, 293, -1, 382, 293, 292, -1,
                                            370, 229, 371, -1, 383, 292, 291, -1,
                                            383, 382, 292, -1, 228, 229, 370, -1,
                                            228, 370, 369, -1, 384, 383, 291, -1,
                                            384, 291, 290, -1, 385, 384, 290, -1,
                                            385, 290, 289, -1, 360, 385, 289, -1,
                                            360, 289, 288, -1, 227, 228, 369, -1,
                                            227, 369, 368, -1, 361, 360, 288, -1,
                                            226, 368, 367, -1, 226, 227, 368, -1,
                                            225, 363, 362, -1, 225, 364, 363, -1,
                                            225, 365, 364, -1, 225, 366, 365, -1,
                                            225, 367, 366, -1, 225, 226, 367, -1,
                                            350, 305, 304, -1, 350, 306, 305, -1,
                                            351, 350, 304, -1, 351, 304, 303, -1,
                                            349, 306, 350, -1, 349, 307, 306, -1,
                                            352, 281, 280, -1, 352, 303, 281, -1,
                                            352, 351, 303, -1, 348, 307, 349, -1,
                                            348, 282, 307, -1, 353, 280, 240, -1,
                                            353, 352, 280, -1, 347, 283, 282, -1,
                                            347, 282, 348, -1, 354, 353, 240, -1,
                                            346, 283, 347, -1, 346, 284, 283, -1,
                                            355, 354, 240, -1, 345, 285, 284, -1,
                                            345, 284, 346, -1, 344, 286, 285, -1,
                                            344, 287, 286, -1, 344, 285, 345, -1,
                                            343, 287, 344, -1, 343, 361, 288, -1,
                                            343, 288, 287, -1, 342, 362, 361, -1,
                                            342, 361, 343, -1, 341, 362, 342, -1,
                                            341, 225, 362, -1, 340, 225, 341, -1,
                                            339, 225, 340, -1, 241, 356, 355, -1,
                                            241, 357, 356, -1, 241, 355, 240, -1,
                                            325, 324, 241, -1, 323, 241, 324, -1,
                                            323, 357, 241, -1, 326, 325, 241, -1,
                                            322, 358, 357, -1, 322, 357, 323, -1,
                                            327, 326, 241, -1, 321, 359, 358, -1,
                                            321, 358, 322, -1, 328, 327, 241, -1,
                                            328, 241, 248, -1, 320, 359, 321, -1,
                                            320, 334, 359, -1, 329, 248, 247, -1,
                                            329, 328, 248, -1, 330, 247, 246, -1,
                                            330, 329, 247, -1, 331, 330, 246, -1,
                                            245, 331, 246, -1, 332, 331, 245, -1,
                                            244, 333, 332, -1, 244, 332, 245, -1,
                                            243, 308, 333, -1, 243, 333, 244, -1,
                                            242, 309, 308, -1, 242, 310, 309, -1,
                                            242, 311, 310, -1, 242, 312, 311, -1,
                                            242, 308, 243, -1, 403, 318, 317, -1,
                                            403, 402, 318, -1, 401, 319, 318, -1,
                                            401, 318, 402, -1, 404, 403, 317, -1,
                                            404, 317, 316, -1, 400, 319, 401, -1,
                                            400, 335, 334, -1, 400, 334, 320, -1,
                                            400, 320, 319, -1, 405, 404, 316, -1,
                                            405, 315, 314, -1, 405, 316, 315, -1,
                                            399, 336, 335, -1, 399, 335, 400, -1,
                                            406, 405, 314, -1, 398, 337, 336, -1,
                                            398, 336, 399, -1, 407, 313, 312, -1,
                                            407, 314, 313, -1, 407, 406, 314, -1,
                                            397, 337, 398, -1, 408, 407, 312, -1,
                                            408, 312, 242, -1, 249, 408, 242, -1,
                                            249, 409, 408, -1, 249, 410, 409, -1,
                                            249, 411, 410, -1, 249, 386, 411, -1,
                                            224, 337, 397, -1, 224, 338, 337, -1,
                                            224, 393, 392, -1, 224, 394, 393, -1,
                                            224, 395, 394, -1, 224, 396, 395, -1,
                                            224, 397, 396, -1, 255, 386, 249, -1,
                                            255, 387, 386, -1, 250, 224, 392, -1,
                                            250, 392, 391, -1, 254, 387, 255, -1,
                                            254, 388, 387, -1, 251, 250, 391, -1,
                                            251, 391, 390, -1, 252, 251, 390, -1,
                                            252, 390, 389, -1, 253, 388, 254, -1,
                                            253, 252, 389, -1, 253, 389, 388, -1,
                                            224, 225, 339, -1, 224, 339, 338, -1,
                                            412, 413, 414, -1, 414, 413, 415, -1,
                                            416, 417, 418, -1, 418, 417, 419, -1,
                                            420, 430, 421, -1, 429, 430, 420, -1,
                                            421, 431, 422, -1, 430, 431, 421, -1,
                                            422, 432, 423, -1, 431, 432, 422, -1,
                                            423, 433, 424, -1, 432, 433, 423, -1,
                                            424, 434, 425, -1, 433, 434, 424, -1,
                                            425, 435, 426, -1, 434, 435, 425, -1,
                                            426, 428, 427, -1, 435, 428, 426, -1,
                                            446, 436, 437, -1, 446, 445, 436, -1,
                                            447, 437, 438, -1, 447, 446, 437, -1,
                                            448, 438, 439, -1, 448, 447, 438, -1,
                                            449, 439, 440, -1, 449, 448, 439, -1,
                                            450, 440, 441, -1, 450, 449, 440, -1,
                                            451, 441, 442, -1, 451, 450, 441, -1,
                                            444, 442, 443, -1, 444, 451, 442, -1,
                                            452, 453, 454, -1, 454, 453, 455, -1,
                                            456, 485, 457, -1, 457, 485, 458, -1,
                                            458, 486, 459, -1, 485, 486, 458, -1,
                                            459, 487, 460, -1, 486, 487, 459, -1,
                                            460, 488, 461, -1, 461, 488, 462, -1,
                                            487, 488, 460, -1, 488, 489, 462, -1,
                                            462, 490, 463, -1, 489, 490, 462, -1,
                                            463, 491, 464, -1, 490, 491, 463, -1,
                                            464, 492, 465, -1, 491, 492, 464, -1,
                                            465, 493, 466, -1, 492, 493, 465, -1,
                                            466, 494, 467, -1, 493, 494, 466, -1,
                                            467, 495, 468, -1, 494, 495, 467, -1,
                                            495, 496, 468, -1, 468, 496, 469, -1,
                                            496, 497, 469, -1, 469, 497, 470, -1,
                                            470, 498, 471, -1, 497, 498, 470, -1,
                                            471, 499, 472, -1, 498, 499, 471, -1,
                                            472, 500, 473, -1, 499, 500, 472, -1,
                                            473, 501, 474, -1, 500, 501, 473, -1,
                                            474, 502, 475, -1, 501, 502, 474, -1,
                                            475, 503, 476, -1, 502, 503, 475, -1,
                                            476, 504, 477, -1, 503, 504, 476, -1,
                                            477, 505, 478, -1, 504, 505, 477, -1,
                                            478, 506, 479, -1, 505, 506, 478, -1,
                                            479, 507, 480, -1, 506, 507, 479, -1,
                                            480, 508, 481, -1, 507, 508, 480, -1,
                                            481, 509, 482, -1, 508, 509, 481, -1,
                                            482, 484, 483, -1, 509, 484, 482, -1,
                                            510, 539, 511, -1, 511, 539, 512, -1,
                                            512, 540, 513, -1, 539, 540, 512, -1,
                                            513, 541, 514, -1, 540, 541, 513, -1,
                                            514, 542, 515, -1, 515, 542, 516, -1,
                                            541, 542, 514, -1, 542, 543, 516, -1,
                                            516, 544, 517, -1, 543, 544, 516, -1,
                                            517, 545, 518, -1, 544, 545, 517, -1,
                                            518, 546, 519, -1, 545, 546, 518, -1,
                                            519, 547, 520, -1, 546, 547, 519, -1,
                                            520, 548, 521, -1, 547, 548, 520, -1,
                                            521, 549, 522, -1, 548, 549, 521, -1,
                                            549, 550, 522, -1, 522, 550, 523, -1,
                                            550, 551, 523, -1, 523, 551, 524, -1,
                                            524, 552, 525, -1, 551, 552, 524, -1,
                                            525, 553, 526, -1, 552, 553, 525, -1,
                                            526, 554, 527, -1, 553, 554, 526, -1,
                                            527, 555, 528, -1, 554, 555, 527, -1,
                                            528, 556, 529, -1, 555, 556, 528, -1,
                                            529, 557, 530, -1, 556, 557, 529, -1,
                                            530, 558, 531, -1, 557, 558, 530, -1,
                                            531, 559, 532, -1, 558, 559, 531, -1,
                                            532, 560, 533, -1, 559, 560, 532, -1,
                                            533, 561, 534, -1, 560, 561, 533, -1,
                                            534, 562, 535, -1, 561, 562, 534, -1,
                                            535, 563, 536, -1, 562, 563, 535, -1,
                                            536, 538, 537, -1, 563, 538, 536, -1,
                                            564, 593, 565, -1, 565, 593, 566, -1,
                                            566, 594, 567, -1, 593, 594, 566, -1,
                                            567, 595, 568, -1, 594, 595, 567, -1,
                                            568, 596, 569, -1, 569, 596, 570, -1,
                                            595, 596, 568, -1, 596, 597, 570, -1,
                                            570, 598, 571, -1, 597, 598, 570, -1,
                                            571, 599, 572, -1, 598, 599, 571, -1,
                                            572, 600, 573, -1, 599, 600, 572, -1,
                                            573, 601, 574, -1, 600, 601, 573, -1,
                                            574, 602, 575, -1, 601, 602, 574, -1,
                                            575, 603, 576, -1, 602, 603, 575, -1,
                                            603, 604, 576, -1, 576, 604, 577, -1,
                                            604, 605, 577, -1, 577, 605, 578, -1,
                                            578, 606, 579, -1, 605, 606, 578, -1,
                                            579, 607, 580, -1, 606, 607, 579, -1,
                                            580, 608, 581, -1, 607, 608, 580, -1,
                                            581, 609, 582, -1, 608, 609, 581, -1,
                                            582, 610, 583, -1, 609, 610, 582, -1,
                                            583, 611, 584, -1, 610, 611, 583, -1,
                                            584, 612, 585, -1, 611, 612, 584, -1,
                                            585, 613, 586, -1, 612, 613, 585, -1,
                                            586, 614, 587, -1, 613, 614, 586, -1,
                                            587, 615, 588, -1, 614, 615, 587, -1,
                                            588, 616, 589, -1, 615, 616, 588, -1,
                                            589, 617, 590, -1, 616, 617, 589, -1,
                                            590, 592, 591, -1, 617, 592, 590, -1,
                                            618, 647, 619, -1, 619, 647, 620, -1,
                                            620, 648, 621, -1, 647, 648, 620, -1,
                                            621, 649, 622, -1, 648, 649, 621, -1,
                                            622, 650, 623, -1, 623, 650, 624, -1,
                                            649, 650, 622, -1, 650, 651, 624, -1,
                                            624, 652, 625, -1, 651, 652, 624, -1,
                                            625, 653, 626, -1, 652, 653, 625, -1,
                                            626, 654, 627, -1, 653, 654, 626, -1,
                                            627, 655, 628, -1, 654, 655, 627, -1,
                                            628, 656, 629, -1, 655, 656, 628, -1,
                                            629, 657, 630, -1, 656, 657, 629, -1,
                                            657, 658, 630, -1, 630, 658, 631, -1,
                                            658, 659, 631, -1, 631, 659, 632, -1,
                                            632, 660, 633, -1, 659, 660, 632, -1,
                                            633, 661, 634, -1, 660, 661, 633, -1,
                                            634, 662, 635, -1, 661, 662, 634, -1,
                                            635, 663, 636, -1, 662, 663, 635, -1,
                                            636, 664, 637, -1, 663, 664, 636, -1,
                                            637, 665, 638, -1, 664, 665, 637, -1,
                                            638, 666, 639, -1, 665, 666, 638, -1,
                                            639, 667, 640, -1, 666, 667, 639, -1,
                                            640, 668, 641, -1, 667, 668, 640, -1,
                                            641, 669, 642, -1, 668, 669, 641, -1,
                                            642, 670, 643, -1, 669, 670, 642, -1,
                                            643, 671, 644, -1, 670, 671, 643, -1,
                                            644, 646, 645, -1, 671, 646, 644, -1,
                                            672, 701, 673, -1, 673, 701, 674, -1,
                                            674, 702, 675, -1, 701, 702, 674, -1,
                                            675, 703, 676, -1, 702, 703, 675, -1,
                                            676, 704, 677, -1, 677, 704, 678, -1,
                                            703, 704, 676, -1, 704, 705, 678, -1,
                                            678, 706, 679, -1, 705, 706, 678, -1,
                                            679, 707, 680, -1, 706, 707, 679, -1,
                                            680, 708, 681, -1, 707, 708, 680, -1,
                                            681, 709, 682, -1, 708, 709, 681, -1,
                                            682, 710, 683, -1, 709, 710, 682, -1,
                                            683, 711, 684, -1, 710, 711, 683, -1,
                                            711, 712, 684, -1, 684, 712, 685, -1,
                                            712, 713, 685, -1, 685, 713, 686, -1,
                                            686, 714, 687, -1, 713, 714, 686, -1,
                                            687, 715, 688, -1, 714, 715, 687, -1,
                                            688, 716, 689, -1, 715, 716, 688, -1,
                                            689, 717, 690, -1, 716, 717, 689, -1,
                                            690, 718, 691, -1, 717, 718, 690, -1,
                                            691, 719, 692, -1, 718, 719, 691, -1,
                                            692, 720, 693, -1, 719, 720, 692, -1,
                                            693, 721, 694, -1, 720, 721, 693, -1,
                                            694, 722, 695, -1, 721, 722, 694, -1,
                                            695, 723, 696, -1, 722, 723, 695, -1,
                                            696, 724, 697, -1, 723, 724, 696, -1,
                                            697, 725, 698, -1, 724, 725, 697, -1,
                                            698, 700, 699, -1, 725, 700, 698, -1,
                                            726, 755, 727, -1, 727, 755, 728, -1,
                                            728, 756, 729, -1, 755, 756, 728, -1,
                                            729, 757, 730, -1, 756, 757, 729, -1,
                                            730, 758, 731, -1, 731, 758, 732, -1,
                                            757, 758, 730, -1, 758, 759, 732, -1,
                                            732, 760, 733, -1, 759, 760, 732, -1,
                                            733, 761, 734, -1, 760, 761, 733, -1,
                                            734, 762, 735, -1, 761, 762, 734, -1,
                                            735, 763, 736, -1, 762, 763, 735, -1,
                                            736, 764, 737, -1, 763, 764, 736, -1,
                                            737, 765, 738, -1, 764, 765, 737, -1,
                                            765, 766, 738, -1, 738, 766, 739, -1,
                                            766, 767, 739, -1, 739, 767, 740, -1,
                                            740, 768, 741, -1, 767, 768, 740, -1,
                                            741, 769, 742, -1, 768, 769, 741, -1,
                                            742, 770, 743, -1, 769, 770, 742, -1,
                                            743, 771, 744, -1, 770, 771, 743, -1,
                                            744, 772, 745, -1, 771, 772, 744, -1,
                                            745, 773, 746, -1, 772, 773, 745, -1,
                                            746, 774, 747, -1, 773, 774, 746, -1,
                                            747, 775, 748, -1, 774, 775, 747, -1,
                                            748, 776, 749, -1, 775, 776, 748, -1,
                                            749, 777, 750, -1, 776, 777, 749, -1,
                                            750, 778, 751, -1, 777, 778, 750, -1,
                                            751, 779, 752, -1, 778, 779, 751, -1,
                                            752, 754, 753, -1, 779, 754, 752, -1 ]
                                        ccw TRUE
                                        solid FALSE
                                        convex TRUE
                                        creaseAngle 0

                                      }

                                    }

                                },
                                  
                                DEF o58 Group {
                                  children 
                                    DEF o59 Shape {
                                      appearance 
                                      Appearance {
                                        material 
                                        Material {
                                          diffuseColor 1 1 1
                                          shininess 1

                                        }

                                      }
                                      geometry 
                                      IndexedLineSet {
                                        coord 
                                        USE o55
                                        coordIndex [ 0, 1, -1, 0, 2, -1, 1, 3,
                                            -1, 2, 3, -1, 4, 30, 31, 32,
                                            33, 34, 35, 29, -1, 5, 6, 7,
                                            8, 9, 10, 11, 12, -1, 22, 29,
                                            -1, 12, 13, -1, 22, 23, 24, 25,
                                            26, 27, 28, 21, -1, 13, 14, 15,
                                            16, 17, 18, 19, 20, -1, 20, 21,
                                            -1, 36, 37, 38, 39, 40, 41, 42,
                                            43, 44, 45, 46, 47, 48, 49, 50,
                                            51, 52, 53, 54, 55, 56, 57, 58,
                                            59, 60, 61, 36, -1, 62, 63, 64,
                                            65, 66, 67, 68, 69, 70, 71, 72,
                                            73, 74, 75, 76, 77, 78, 79, 80,
                                            81, 82, 83, 84, 85, 86, 87, 62,
                                            -1, 88, 89, 90, 91, 92, 93, 94,
                                            95, 96, 97, 98, 99, 100, 101, 102,
                                            103, 104, 105, 106, 107, 108, 109, 110,
                                            111, 112, 113, 88, -1, 114, 115, 116,
                                            117, 118, 119, 120, 121, 122, 123, 124,
                                            125, 126, 127, 128, 129, 130, 131, 132,
                                            133, 134, 135, 136, 137, 138, 139, 114,
                                            -1, 140, 141, 142, 143, 144, 145, 146,
                                            147, 148, 149, 150, 151, 152, 153, 154,
                                            155, 156, 157, 158, 159, 160, 161, 162,
                                            163, 164, 165, 140, -1, 166, 167, 168,
                                            169, 170, 171, 172, 173, 174, 175, 176,
                                            177, 178, 179, 180, 181, 182, 183, 184,
                                            185, 186, 187, 188, 189, 190, 191, 166,
                                            -1, 199, 200, -1, 201, 202, 203, 204,
                                            205, 206, 207, 200, -1, 215, 216, -1,
                                            217, 218, 219, 220, 221, 222, 223, 216,
                                            -1, 242, 249, -1, 232, 233, -1, 242,
                                            243, 244, 245, 246, 247, 248, 241, -1,
                                            233, 234, 235, 236, 237, 238, 239, 240,
                                            -1, 240, 241, -1, 256, 257, 258, 259,
                                            260, 261, 262, 263, 264, 265, 266, 267,
                                            268, 269, 270, 271, 272, 273, 274, 275,
                                            276, 277, 278, 279, 280, 281, 256, -1,
                                            282, 283, 284, 285, 286, 287, 288, 289,
                                            290, 291, 292, 293, 294, 295, 296, 297,
                                            298, 299, 300, 301, 302, 303, 304, 305,
                                            306, 307, 282, -1, 308, 309, 310, 311,
                                            312, 313, 314, 315, 316, 317, 318, 319,
                                            320, 321, 322, 323, 324, 325, 326, 327,
                                            328, 329, 330, 331, 332, 333, 308, -1,
                                            334, 335, 336, 337, 338, 339, 340, 341,
                                            342, 343, 344, 345, 346, 347, 348, 349,
                                            350, 351, 352, 353, 354, 355, 356, 357,
                                            358, 359, 334, -1, 360, 361, 362, 363,
                                            364, 365, 366, 367, 368, 369, 370, 371,
                                            372, 373, 374, 375, 376, 377, 378, 379,
                                            380, 381, 382, 383, 384, 385, 360, -1,
                                            386, 387, 388, 389, 390, 391, 392, 393,
                                            394, 395, 396, 397, 398, 399, 400, 401,
                                            402, 403, 404, 405, 406, 407, 408, 409,
                                            410, 411, 386, -1, 412, 414, -1, 417,
                                            419, -1, 427, 428, -1, 443, 444, -1,
                                            484, 483, -1, 538, 537, -1, 592, 591,
                                            -1, 646, 645, -1, 700, 699, -1, 754,
                                            753, -1 ]

                                      }

                                    }

                                } ]

                            },
                              
                            DEF o60 Group {

                            } ]

                        }

                    } ]

                },
                  
                DEF o61 Group {

                } ]

            }

        },
          
        DEF o62 Group {
          children 
            DEF o63 Transform {
              translation -1e-016 -1 -0.40000001
              rotation 1e-016 1 1e-016  3.1415927
              scale 1 1 1
              scaleOrientation 0 0 1  0
              center 0 0 0
              children [ 
                DEF o64 Group {
                  children [ 
                    DEF o65 Group {
                      children 
                        DEF o66 Transform {
                          translation -0 -0 -0
                          rotation 0 0 1  0
                          scale 1 1 1
                          scaleOrientation 0 0 1  0
                          center 0 0 0

                        }

                    },
                      
                    DEF o67 Group {
                      children 
                        DEF o68 Transform {
                          translation 0 0 0
                          rotation 0 0 1  0
                          scale 1 1 1
                          scaleOrientation 0 0 1  0
                          center 0 0 0
                          children 
                            DEF o69 Group {

                            }

                        }

                    },
                      
                    DEF o70 Group {
                      children 
                        DEF o71 Transform {
                          translation 0 0 0
                          rotation 0 0 1  0
                          scale 1 1 1
                          scaleOrientation 0 0 1  0
                          center 0 0 0
                          children 
                            DEF o72 Group {

                            }

                        }

                    },
                      
                    DEF o73 Group {
                      children 
                        DEF o74 Transform {
                          translation 0 0 2
                          rotation 0 0 1  0
                          scale 1 1 1
                          scaleOrientation 0 0 1  0
                          center 0 0 0
                          children 
                            DEF o75 Group {

                            }

                        }

                    },
                      
                    DEF o76 Group {
                      children 
                        DEF o77 Transform {
                          translation 0 0 0
                          rotation 0 0 1  0
                          scale 1 1 1
                          scaleOrientation 0 0 1  0
                          center 0 0 0
                          children 
                            DEF o78 Group {

                            }

                        }

                    },
                      
                    DEF o79 Group {
                      children 
                        DEF o80 Transform {
                          translation 0 0 0
                          rotation 0 0 1  0
                          scale 1 1 1
                          scaleOrientation 0 0 1  0
                          center 0 0 0
                          children 
                            DEF o81 Group {

                            }

                        }

                    },
                      
                    DEF o82 Group {
                      children 
                        DEF o83 Transform {
                          translation 0 0 2
                          rotation 0 0 1  0
                          scale 1 1 1
                          scaleOrientation 0 0 1  0
                          center 0 0 0
                          children 
                            DEF o84 Group {

                            }

                        }

                    },
                      
                    DEF o85 Group {
                      children 
                        DEF o86 Transform {
                          translation 0 0 0
                          rotation 0 0 1  0
                          scale 1 1 1
                          scaleOrientation 0 0 1  0
                          center 0 0 0
                          children [ 
                            DEF o87 Group {
                              children [ 
                                DEF o88 Group {
                                  children 
                                    DEF o89 Shape {
                                      appearance 
                                      Appearance {
                                        material 
                                        Material {
                                          emissiveColor 1 1 1

                                        }

                                      }
                                      geometry 
                                      PointSet {
                                        coord 
                                        DEF o90 Coordinate {
                                          point [ 44.5 13.5 0,
                                              -44.5 13.5 0,
                                              44.5 13.5 2,
                                              -44.5 13.5 2,
                                              44.5 13.5 0,
                                              -44.5 13.5 0,
                                              -45.167564 13.424784 0,
                                              -45.801651 13.202907 0,
                                              -46.370468 12.845494 0,
                                              -46.845493 12.370469 0,
                                              -47.202908 11.801651 0,
                                              -47.424786 11.167562 0,
                                              -47.5 10.5 0,
                                              -47.5 -10.5 0,
                                              -47.424786 -11.167562 0,
                                              -47.202908 -11.801651 0,
                                              -46.845493 -12.370469 0,
                                              -46.370468 -12.845494 0,
                                              -45.801651 -13.202907 0,
                                              -45.167564 -13.424784 0,
                                              -44.5 -13.5 0,
                                              44.5 -13.5 0,
                                              47.5 -10.5 0,
                                              47.424786 -11.167562 0,
                                              47.202908 -11.801651 0,
                                              46.845493 -12.370469 0,
                                              46.370468 -12.845494 0,
                                              45.801651 -13.202907 0,
                                              45.167564 -13.424784 0,
                                              47.5 10.5 0,
                                              45.167564 13.424784 0,
                                              45.801651 13.202907 0,
                                              46.370468 12.845494 0,
                                              46.845493 12.370469 0,
                                              47.202908 11.801651 0,
                                              47.424786 11.167562 0,
                                              -43.200001 -10.5 0,
                                              -43.237774 -10.18889 0,
                                              -43.348907 -9.8958597 0,
                                              -43.526936 -9.6379404 0,
                                              -43.761517 -9.4301214 0,
                                              -44.039013 -9.2844791 0,
                                              -44.343304 -9.2094784 0,
                                              -44.656696 -9.2094784 0,
                                              -44.960987 -9.2844791 0,
                                              -45.238483 -9.4301214 0,
                                              -45.473064 -9.6379404 0,
                                              -45.651093 -9.8958597 0,
                                              -45.762226 -10.18889 0,
                                              -45.799999 -10.5 0,
                                              -45.762226 -10.81111 0,
                                              -45.651093 -11.10414 0,
                                              -45.473064 -11.36206 0,
                                              -45.238483 -11.569879 0,
                                              -44.960987 -11.715521 0,
                                              -44.656696 -11.790522 0,
                                              -44.343304 -11.790522 0,
                                              -44.039013 -11.715521 0,
                                              -43.761517 -11.569879 0,
                                              -43.526936 -11.36206 0,
                                              -43.348907 -11.10414 0,
                                              -43.237774 -10.81111 0,
                                              45.799999 -10.5 0,
                                              45.762226 -10.18889 0,
                                              45.651093 -9.8958597 0,
                                              45.473064 -9.6379404 0,
                                              45.238483 -9.4301214 0,
                                              44.960987 -9.2844791 0,
                                              44.656696 -9.2094784 0,
                                              44.343304 -9.2094784 0,
                                              44.039013 -9.2844791 0,
                                              43.761517 -9.4301214 0,
                                              43.526936 -9.6379404 0,
                                              43.348907 -9.8958597 0,
                                              43.237774 -10.18889 0,
                                              43.200001 -10.5 0,
                                              43.237774 -10.81111 0,
                                              43.348907 -11.10414 0,
                                              43.526936 -11.36206 0,
                                              43.761517 -11.569879 0,
                                              44.039013 -11.715521 0,
                                              44.343304 -11.790522 0,
                                              44.656696 -11.790522 0,
                                              44.960987 -11.715521 0,
                                              45.238483 -11.569879 0,
                                              45.473064 -11.36206 0,
                                              45.651093 -11.10414 0,
                                              45.762226 -10.81111 0,
                                              -43.200001 10.5 0,
                                              -43.237774 10.81111 0,
                                              -43.348907 11.10414 0,
                                              -43.526936 11.36206 0,
                                              -43.761517 11.569879 0,
                                              -44.039013 11.715521 0,
                                              -44.343304 11.790522 0,
                                              -44.656696 11.790522 0,
                                              -44.960987 11.715521 0,
                                              -45.238483 11.569879 0,
                                              -45.473064 11.36206 0,
                                              -45.651093 11.10414 0,
                                              -45.762226 10.81111 0,
                                              -45.799999 10.5 0,
                                              -45.762226 10.18889 0,
                                              -45.651093 9.8958597 0,
                                              -45.473064 9.6379404 0,
                                              -45.238483 9.4301214 0,
                                              -44.960987 9.2844791 0,
                                              -44.656696 9.2094784 0,
                                              -44.343304 9.2094784 0,
                                              -44.039013 9.2844791 0,
                                              -43.761517 9.4301214 0,
                                              -43.526936 9.6379404 0,
                                              -43.348907 9.8958597 0,
                                              -43.237774 10.18889 0,
                                              26.700001 -4.5999999 0,
                                              26.700001 6.8000002 0,
                                              35.900002 6.8000002 0,
                                              35.900002 -4.5999999 0,
                                              45.799999 10.5 0,
                                              45.762226 10.81111 0,
                                              45.651093 11.10414 0,
                                              45.473064 11.36206 0,
                                              45.238483 11.569879 0,
                                              44.960987 11.715521 0,
                                              44.656696 11.790522 0,
                                              44.343304 11.790522 0,
                                              44.039013 11.715521 0,
                                              43.761517 11.569879 0,
                                              43.526936 11.36206 0,
                                              43.348907 11.10414 0,
                                              43.237774 10.81111 0,
                                              43.200001 10.5 0,
                                              43.237774 10.18889 0,
                                              43.348907 9.8958597 0,
                                              43.526936 9.6379404 0,
                                              43.761517 9.4301214 0,
                                              44.039013 9.2844791 0,
                                              44.343304 9.2094784 0,
                                              44.656696 9.2094784 0,
                                              44.960987 9.2844791 0,
                                              45.238483 9.4301214 0,
                                              45.473064 9.6379404 0,
                                              45.651093 9.8958597 0,
                                              45.762226 10.18889 0,
                                              44.5 13.5 0,
                                              45.167564 13.424784 0,
                                              45.801651 13.202907 0,
                                              46.370468 12.845494 0,
                                              46.845493 12.370469 0,
                                              47.202908 11.801651 0,
                                              47.424786 11.167562 0,
                                              47.5 10.5 0,
                                              47.5 10.5 2,
                                              44.5 13.5 2,
                                              45.167564 13.424784 2,
                                              45.801651 13.202907 2,
                                              46.370468 12.845494 2,
                                              46.845493 12.370469 2,
                                              47.202908 11.801651 2,
                                              47.424786 11.167562 2,
                                              -44.5 13.5 0,
                                              -45.167564 13.424784 0,
                                              -45.801651 13.202907 0,
                                              -46.370468 12.845494 0,
                                              -46.845493 12.370469 0,
                                              -47.202908 11.801651 0,
                                              -47.424786 11.167562 0,
                                              -47.5 10.5 0,
                                              -47.5 10.5 2,
                                              -44.5 13.5 2,
                                              -45.167564 13.424784 2,
                                              -45.801651 13.202907 2,
                                              -46.370468 12.845494 2,
                                              -46.845493 12.370469 2,
                                              -47.202908 11.801651 2,
                                              -47.424786 11.167562 2,
                                              44.5 13.5 2,
                                              -44.5 13.5 2,
                                              -45.167564 13.424784 2,
                                              -45.801651 13.202907 2,
                                              -46.370468 12.845494 2,
                                              -46.845493 12.370469 2,
                                              -47.202908 11.801651 2,
                                              -47.424786 11.167562 2,
                                              -47.5 10.5 2,
                                              -47.5 -10.5 2,
                                              -47.424786 -11.167562 2,
                                              -47.202908 -11.801651 2,
                                              -46.845493 -12.370469 2,
                                              -46.370468 -12.845494 2,
                                              -45.801651 -13.202907 2,
                                              -45.167564 -13.424784 2,
                                              -44.5 -13.5 2,
                                              44.5 -13.5 2,
                                              47.5 -10.5 2,
                                              47.424786 -11.167562 2,
                                              47.202908 -11.801651 2,
                                              46.845493 -12.370469 2,
                                              46.370468 -12.845494 2,
                                              45.801651 -13.202907 2,
                                              45.167564 -13.424784 2,
                                              47.5 10.5 2,
                                              45.167564 13.424784 2,
                                              45.801651 13.202907 2,
                                              46.370468 12.845494 2,
                                              46.845493 12.370469 2,
                                              47.202908 11.801651 2,
                                              47.424786 11.167562 2,
                                              -43.200001 -10.5 2,
                                              -43.237774 -10.18889 2,
                                              -43.348907 -9.8958597 2,
                                              -43.526936 -9.6379404 2,
                                              -43.761517 -9.4301214 2,
                                              -44.039013 -9.2844791 2,
                                              -44.343304 -9.2094784 2,
                                              -44.656696 -9.2094784 2,
                                              -44.960987 -9.2844791 2,
                                              -45.238483 -9.4301214 2,
                                              -45.473064 -9.6379404 2,
                                              -45.651093 -9.8958597 2,
                                              -45.762226 -10.18889 2,
                                              -45.799999 -10.5 2,
                                              -45.762226 -10.81111 2,
                                              -45.651093 -11.10414 2,
                                              -45.473064 -11.36206 2,
                                              -45.238483 -11.569879 2,
                                              -44.960987 -11.715521 2,
                                              -44.656696 -11.790522 2,
                                              -44.343304 -11.790522 2,
                                              -44.039013 -11.715521 2,
                                              -43.761517 -11.569879 2,
                                              -43.526936 -11.36206 2,
                                              -43.348907 -11.10414 2,
                                              -43.237774 -10.81111 2,
                                              45.799999 -10.5 2,
                                              45.762226 -10.18889 2,
                                              45.651093 -9.8958597 2,
                                              45.473064 -9.6379404 2,
                                              45.238483 -9.4301214 2,
                                              44.960987 -9.2844791 2,
                                              44.656696 -9.2094784 2,
                                              44.343304 -9.2094784 2,
                                              44.039013 -9.2844791 2,
                                              43.761517 -9.4301214 2,
                                              43.526936 -9.6379404 2,
                                              43.348907 -9.8958597 2,
                                              43.237774 -10.18889 2,
                                              43.200001 -10.5 2,
                                              43.237774 -10.81111 2,
                                              43.348907 -11.10414 2,
                                              43.526936 -11.36206 2,
                                              43.761517 -11.569879 2,
                                              44.039013 -11.715521 2,
                                              44.343304 -11.790522 2,
                                              44.656696 -11.790522 2,
                                              44.960987 -11.715521 2,
                                              45.238483 -11.569879 2,
                                              45.473064 -11.36206 2,
                                              45.651093 -11.10414 2,
                                              45.762226 -10.81111 2,
                                              -43.200001 10.5 2,
                                              -43.237774 10.81111 2,
                                              -43.348907 11.10414 2,
                                              -43.526936 11.36206 2,
                                              -43.761517 11.569879 2,
                                              -44.039013 11.715521 2,
                                              -44.343304 11.790522 2,
                                              -44.656696 11.790522 2,
                                              -44.960987 11.715521 2,
                                              -45.238483 11.569879 2,
                                              -45.473064 11.36206 2,
                                              -45.651093 11.10414 2,
                                              -45.762226 10.81111 2,
                                              -45.799999 10.5 2,
                                              -45.762226 10.18889 2,
                                              -45.651093 9.8958597 2,
                                              -45.473064 9.6379404 2,
                                              -45.238483 9.4301214 2,
                                              -44.960987 9.2844791 2,
                                              -44.656696 9.2094784 2,
                                              -44.343304 9.2094784 2,
                                              -44.039013 9.2844791 2,
                                              -43.761517 9.4301214 2,
                                              -43.526936 9.6379404 2,
                                              -43.348907 9.8958597 2,
                                              -43.237774 10.18889 2,
                                              26.700001 -4.5999999 2,
                                              26.700001 6.8000002 2,
                                              35.900002 6.8000002 2,
                                              35.900002 -4.5999999 2,
                                              45.799999 10.5 2,
                                              45.762226 10.81111 2,
                                              45.651093 11.10414 2,
                                              45.473064 11.36206 2,
                                              45.238483 11.569879 2,
                                              44.960987 11.715521 2,
                                              44.656696 11.790522 2,
                                              44.343304 11.790522 2,
                                              44.039013 11.715521 2,
                                              43.761517 11.569879 2,
                                              43.526936 11.36206 2,
                                              43.348907 11.10414 2,
                                              43.237774 10.81111 2,
                                              43.200001 10.5 2,
                                              43.237774 10.18889 2,
                                              43.348907 9.8958597 2,
                                              43.526936 9.6379404 2,
                                              43.761517 9.4301214 2,
                                              44.039013 9.2844791 2,
                                              44.343304 9.2094784 2,
                                              44.656696 9.2094784 2,
                                              44.960987 9.2844791 2,
                                              45.238483 9.4301214 2,
                                              45.473064 9.6379404 2,
                                              45.651093 9.8958597 2,
                                              45.762226 10.18889 2,
                                              47.5 -10.5 0,
                                              47.5 10.5 0,
                                              47.5 -10.5 2,
                                              47.5 10.5 2,
                                              -47.5 10.5 0,
                                              -47.5 -10.5 0,
                                              -47.5 10.5 2,
                                              -47.5 -10.5 2,
                                              47.5 -10.5 0,
                                              47.424786 -11.167562 0,
                                              47.202908 -11.801651 0,
                                              46.845493 -12.370469 0,
                                              46.370468 -12.845494 0,
                                              45.801651 -13.202907 0,
                                              45.167564 -13.424784 0,
                                              44.5 -13.5 0,
                                              44.5 -13.5 2,
                                              47.5 -10.5 2,
                                              47.424786 -11.167562 2,
                                              47.202908 -11.801651 2,
                                              46.845493 -12.370469 2,
                                              46.370468 -12.845494 2,
                                              45.801651 -13.202907 2,
                                              45.167564 -13.424784 2,
                                              -47.5 -10.5 0,
                                              -47.424786 -11.167562 0,
                                              -47.202908 -11.801651 0,
                                              -46.845493 -12.370469 0,
                                              -46.370468 -12.845494 0,
                                              -45.801651 -13.202907 0,
                                              -45.167564 -13.424784 0,
                                              -44.5 -13.5 0,
                                              -44.5 -13.5 2,
                                              -47.5 -10.5 2,
                                              -47.424786 -11.167562 2,
                                              -47.202908 -11.801651 2,
                                              -46.845493 -12.370469 2,
                                              -46.370468 -12.845494 2,
                                              -45.801651 -13.202907 2,
                                              -45.167564 -13.424784 2,
                                              -44.5 -13.5 0,
                                              44.5 -13.5 0,
                                              -44.5 -13.5 2,
                                              44.5 -13.5 2,
                                              -43.200001 -10.5 2,
                                              -43.200001 -10.5 0,
                                              -43.237774 -10.18889 0,
                                              -43.348907 -9.8958597 0,
                                              -43.526936 -9.6379404 0,
                                              -43.761517 -9.4301214 0,
                                              -44.039013 -9.2844791 0,
                                              -44.343304 -9.2094784 0,
                                              -44.656696 -9.2094784 0,
                                              -44.960987 -9.2844791 0,
                                              -45.238483 -9.4301214 0,
                                              -45.473064 -9.6379404 0,
                                              -45.651093 -9.8958597 0,
                                              -45.762226 -10.18889 0,
                                              -45.799999 -10.5 0,
                                              -45.762226 -10.81111 0,
                                              -45.651093 -11.10414 0,
                                              -45.473064 -11.36206 0,
                                              -45.238483 -11.569879 0,
                                              -44.960987 -11.715521 0,
                                              -44.656696 -11.790522 0,
                                              -44.343304 -11.790522 0,
                                              -44.039013 -11.715521 0,
                                              -43.761517 -11.569879 0,
                                              -43.526936 -11.36206 0,
                                              -43.348907 -11.10414 0,
                                              -43.237774 -10.81111 0,
                                              -43.200001 -10.5 0,
                                              -43.200001 -10.5 2,
                                              -43.237774 -10.18889 2,
                                              -43.348907 -9.8958597 2,
                                              -43.526936 -9.6379404 2,
                                              -43.761517 -9.4301214 2,
                                              -44.039013 -9.2844791 2,
                                              -44.343304 -9.2094784 2,
                                              -44.656696 -9.2094784 2,
                                              -44.960987 -9.2844791 2,
                                              -45.238483 -9.4301214 2,
                                              -45.473064 -9.6379404 2,
                                              -45.651093 -9.8958597 2,
                                              -45.762226 -10.18889 2,
                                              -45.799999 -10.5 2,
                                              -45.762226 -10.81111 2,
                                              -45.651093 -11.10414 2,
                                              -45.473064 -11.36206 2,
                                              -45.238483 -11.569879 2,
                                              -44.960987 -11.715521 2,
                                              -44.656696 -11.790522 2,
                                              -44.343304 -11.790522 2,
                                              -44.039013 -11.715521 2,
                                              -43.761517 -11.569879 2,
                                              -43.526936 -11.36206 2,
                                              -43.348907 -11.10414 2,
                                              -43.237774 -10.81111 2,
                                              45.799999 -10.5 2,
                                              45.799999 -10.5 0,
                                              45.762226 -10.18889 0,
                                              45.651093 -9.8958597 0,
                                              45.473064 -9.6379404 0,
                                              45.238483 -9.4301214 0,
                                              44.960987 -9.2844791 0,
                                              44.656696 -9.2094784 0,
                                              44.343304 -9.2094784 0,
                                              44.039013 -9.2844791 0,
                                              43.761517 -9.4301214 0,
                                              43.526936 -9.6379404 0,
                                              43.348907 -9.8958597 0,
                                              43.237774 -10.18889 0,
                                              43.200001 -10.5 0,
                                              43.237774 -10.81111 0,
                                              43.348907 -11.10414 0,
                                              43.526936 -11.36206 0,
                                              43.761517 -11.569879 0,
                                              44.039013 -11.715521 0,
                                              44.343304 -11.790522 0,
                                              44.656696 -11.790522 0,
                                              44.960987 -11.715521 0,
                                              45.238483 -11.569879 0,
                                              45.473064 -11.36206 0,
                                              45.651093 -11.10414 0,
                                              45.762226 -10.81111 0,
                                              45.799999 -10.5 0,
                                              45.799999 -10.5 2,
                                              45.762226 -10.18889 2,
                                              45.651093 -9.8958597 2,
                                              45.473064 -9.6379404 2,
                                              45.238483 -9.4301214 2,
                                              44.960987 -9.2844791 2,
                                              44.656696 -9.2094784 2,
                                              44.343304 -9.2094784 2,
                                              44.039013 -9.2844791 2,
                                              43.761517 -9.4301214 2,
                                              43.526936 -9.6379404 2,
                                              43.348907 -9.8958597 2,
                                              43.237774 -10.18889 2,
                                              43.200001 -10.5 2,
                                              43.237774 -10.81111 2,
                                              43.348907 -11.10414 2,
                                              43.526936 -11.36206 2,
                                              43.761517 -11.569879 2,
                                              44.039013 -11.715521 2,
                                              44.343304 -11.790522 2,
                                              44.656696 -11.790522 2,
                                              44.960987 -11.715521 2,
                                              45.238483 -11.569879 2,
                                              45.473064 -11.36206 2,
                                              45.651093 -11.10414 2,
                                              45.762226 -10.81111 2,
                                              -43.200001 10.5 2,
                                              -43.200001 10.5 0,
                                              -43.237774 10.81111 0,
                                              -43.348907 11.10414 0,
                                              -43.526936 11.36206 0,
                                              -43.761517 11.569879 0,
                                              -44.039013 11.715521 0,
                                              -44.343304 11.790522 0,
                                              -44.656696 11.790522 0,
                                              -44.960987 11.715521 0,
                                              -45.238483 11.569879 0,
                                              -45.473064 11.36206 0,
                                              -45.651093 11.10414 0,
                                              -45.762226 10.81111 0,
                                              -45.799999 10.5 0,
                                              -45.762226 10.18889 0,
                                              -45.651093 9.8958597 0,
                                              -45.473064 9.6379404 0,
                                              -45.238483 9.4301214 0,
                                              -44.960987 9.2844791 0,
                                              -44.656696 9.2094784 0,
                                              -44.343304 9.2094784 0,
                                              -44.039013 9.2844791 0,
                                              -43.761517 9.4301214 0,
                                              -43.526936 9.6379404 0,
                                              -43.348907 9.8958597 0,
                                              -43.237774 10.18889 0,
                                              -43.200001 10.5 0,
                                              -43.200001 10.5 2,
                                              -43.237774 10.81111 2,
                                              -43.348907 11.10414 2,
                                              -43.526936 11.36206 2,
                                              -43.761517 11.569879 2,
                                              -44.039013 11.715521 2,
                                              -44.343304 11.790522 2,
                                              -44.656696 11.790522 2,
                                              -44.960987 11.715521 2,
                                              -45.238483 11.569879 2,
                                              -45.473064 11.36206 2,
                                              -45.651093 11.10414 2,
                                              -45.762226 10.81111 2,
                                              -45.799999 10.5 2,
                                              -45.762226 10.18889 2,
                                              -45.651093 9.8958597 2,
                                              -45.473064 9.6379404 2,
                                              -45.238483 9.4301214 2,
                                              -44.960987 9.2844791 2,
                                              -44.656696 9.2094784 2,
                                              -44.343304 9.2094784 2,
                                              -44.039013 9.2844791 2,
                                              -43.761517 9.4301214 2,
                                              -43.526936 9.6379404 2,
                                              -43.348907 9.8958597 2,
                                              -43.237774 10.18889 2,
                                              26.700001 -4.5999999 2,
                                              26.700001 -4.5999999 0,
                                              26.700001 6.8000002 0,
                                              26.700001 6.8000002 2,
                                              35.900002 -4.5999999 2,
                                              35.900002 -4.5999999 0,
                                              26.700001 -4.5999999 0,
                                              26.700001 -4.5999999 2,
                                              35.900002 6.8000002 2,
                                              35.900002 6.8000002 0,
                                              35.900002 -4.5999999 0,
                                              35.900002 -4.5999999 2,
                                              26.700001 6.8000002 2,
                                              26.700001 6.8000002 0,
                                              35.900002 6.8000002 0,
                                              35.900002 6.8000002 2,
                                              45.799999 10.5 2,
                                              45.799999 10.5 0,
                                              45.762226 10.81111 0,
                                              45.651093 11.10414 0,
                                              45.473064 11.36206 0,
                                              45.238483 11.569879 0,
                                              44.960987 11.715521 0,
                                              44.656696 11.790522 0,
                                              44.343304 11.790522 0,
                                              44.039013 11.715521 0,
                                              43.761517 11.569879 0,
                                              43.526936 11.36206 0,
                                              43.348907 11.10414 0,
                                              43.237774 10.81111 0,
                                              43.200001 10.5 0,
                                              43.237774 10.18889 0,
                                              43.348907 9.8958597 0,
                                              43.526936 9.6379404 0,
                                              43.761517 9.4301214 0,
                                              44.039013 9.2844791 0,
                                              44.343304 9.2094784 0,
                                              44.656696 9.2094784 0,
                                              44.960987 9.2844791 0,
                                              45.238483 9.4301214 0,
                                              45.473064 9.6379404 0,
                                              45.651093 9.8958597 0,
                                              45.762226 10.18889 0,
                                              45.799999 10.5 0,
                                              45.799999 10.5 2,
                                              45.762226 10.81111 2,
                                              45.651093 11.10414 2,
                                              45.473064 11.36206 2,
                                              45.238483 11.569879 2,
                                              44.960987 11.715521 2,
                                              44.656696 11.790522 2,
                                              44.343304 11.790522 2,
                                              44.039013 11.715521 2,
                                              43.761517 11.569879 2,
                                              43.526936 11.36206 2,
                                              43.348907 11.10414 2,
                                              43.237774 10.81111 2,
                                              43.200001 10.5 2,
                                              43.237774 10.18889 2,
                                              43.348907 9.8958597 2,
                                              43.526936 9.6379404 2,
                                              43.761517 9.4301214 2,
                                              44.039013 9.2844791 2,
                                              44.343304 9.2094784 2,
                                              44.656696 9.2094784 2,
                                              44.960987 9.2844791 2,
                                              45.238483 9.4301214 2,
                                              45.473064 9.6379404 2,
                                              45.651093 9.8958597 2,
                                              45.762226 10.18889 2,
                                              44.5 13.5 0,
                                              -44.5 13.5 0,
                                              44.5 13.5 2,
                                              -44.5 13.5 2,
                                              47.5 10.5 0,
                                              -47.5 10.5 0,
                                              47.5 -10.5 0,
                                              -47.5 -10.5 0,
                                              44.5 -13.5 0,
                                              -44.5 -13.5 0,
                                              -43.200001 -10.5 0,
                                              45.799999 -10.5 0,
                                              -43.200001 10.5 0,
                                              26.700001 -4.5999999 0,
                                              26.700001 6.8000002 0,
                                              35.900002 -4.5999999 0,
                                              35.900002 6.8000002 0,
                                              45.799999 10.5 0,
                                              47.5 10.5 2,
                                              -47.5 10.5 2,
                                              47.5 -10.5 2,
                                              -47.5 -10.5 2,
                                              44.5 -13.5 2,
                                              -44.5 -13.5 2,
                                              -43.200001 -10.5 2,
                                              45.799999 -10.5 2,
                                              -43.200001 10.5 2,
                                              26.700001 -4.5999999 2,
                                              26.700001 6.8000002 2,
                                              35.900002 -4.5999999 2,
                                              35.900002 6.8000002 2,
                                              45.799999 10.5 2 ]

                                        }

                                      }

                                    }

                                },
                                  
                                DEF o91 Group {
                                  children 
                                    DEF o92 Shape {
                                      appearance 
                                      Appearance {
                                        material 
                                        Material {
                                          diffuseColor 0 0 0
                                          ambientIntensity 0.10196079
                                          specularColor 0.05882353 0.05882353 0.05882353
                                          shininess 0.0077999998
                                          transparency 0.89999998

                                        }

                                      }
                                      geometry 
                                      IndexedFaceSet {
                                        coord 
                                        USE o90
                                        coordIndex [ 0, 1, 2, -1, 2, 1, 3, -1,
                                            16, 52, 17, -1, 17, 53, 18, -1,
                                            52, 53, 17, -1, 15, 51, 16, -1,
                                            16, 51, 52, -1, 18, 54, 19, -1,
                                            53, 54, 18, -1, 14, 50, 15, -1,
                                            15, 50, 51, -1, 19, 55, 20, -1,
                                            54, 55, 19, -1, 13, 49, 14, -1,
                                            14, 49, 50, -1, 55, 56, 20, -1,
                                            13, 48, 49, -1, 56, 57, 20, -1,
                                            13, 47, 48, -1, 57, 58, 20, -1,
                                            13, 46, 47, -1, 58, 59, 20, -1,
                                            13, 45, 46, -1, 59, 60, 20, -1,
                                            12, 105, 13, -1, 13, 105, 45, -1,
                                            104, 105, 12, -1, 12, 103, 104, -1,
                                            105, 106, 45, -1, 45, 106, 44, -1,
                                            12, 102, 103, -1, 106, 107, 44, -1,
                                            44, 107, 43, -1, 11, 101, 12, -1,
                                            12, 101, 102, -1, 107, 108, 43, -1,
                                            42, 108, 41, -1, 43, 108, 42, -1,
                                            10, 100, 11, -1, 11, 100, 101, -1,
                                            108, 109, 41, -1, 10, 99, 100, -1,
                                            10, 9, 99, -1, 109, 110, 41, -1,
                                            41, 110, 40, -1, 9, 98, 99, -1,
                                            110, 111, 40, -1, 40, 111, 39, -1,
                                            9, 8, 98, -1, 98, 8, 97, -1,
                                            38, 112, 37, -1, 39, 112, 38, -1,
                                            111, 112, 39, -1, 112, 113, 37, -1,
                                            8, 7, 97, -1, 97, 7, 96, -1,
                                            7, 6, 96, -1, 96, 6, 95, -1,
                                            6, 5, 95, -1, 91, 5, 90, -1,
                                            92, 5, 91, -1, 93, 5, 92, -1,
                                            94, 5, 93, -1, 95, 5, 94, -1,
                                            113, 114, 37, -1, 37, 114, 36, -1,
                                            61, 114, 60, -1, 36, 114, 61, -1,
                                            60, 114, 20, -1, 114, 21, 20, -1,
                                            78, 79, 21, -1, 117, 77, 114, -1,
                                            21, 77, 78, -1, 114, 77, 21, -1,
                                            79, 80, 21, -1, 117, 76, 77, -1,
                                            80, 81, 21, -1, 117, 75, 76, -1,
                                            21, 82, 28, -1, 81, 82, 21, -1,
                                            117, 74, 75, -1, 28, 83, 27, -1,
                                            82, 83, 28, -1, 117, 73, 74, -1,
                                            88, 115, 113, -1, 113, 115, 114, -1,
                                            5, 115, 90, -1, 89, 115, 88, -1,
                                            90, 115, 89, -1, 83, 84, 27, -1,
                                            27, 84, 26, -1, 117, 72, 73, -1,
                                            84, 85, 26, -1, 117, 71, 72, -1,
                                            85, 25, 26, -1, 85, 86, 25, -1,
                                            117, 70, 71, -1, 117, 69, 70, -1,
                                            86, 24, 25, -1, 87, 24, 86, -1,
                                            87, 23, 24, -1, 62, 23, 87, -1,
                                            62, 22, 23, -1, 63, 22, 62, -1,
                                            64, 22, 63, -1, 65, 22, 64, -1,
                                            66, 22, 65, -1, 134, 135, 116, -1,
                                            116, 133, 134, -1, 116, 136, 117, -1,
                                            135, 136, 116, -1, 116, 132, 133, -1,
                                            117, 137, 69, -1, 136, 137, 117, -1,
                                            69, 137, 68, -1, 116, 131, 132, -1,
                                            137, 138, 68, -1, 116, 130, 131, -1,
                                            67, 139, 66, -1, 68, 139, 67, -1,
                                            138, 139, 68, -1, 116, 129, 130, -1,
                                            66, 140, 22, -1, 139, 140, 66, -1,
                                            141, 29, 140, -1, 142, 29, 141, -1,
                                            143, 29, 142, -1, 118, 29, 143, -1,
                                            140, 29, 22, -1, 115, 4, 116, -1,
                                            125, 4, 124, -1, 126, 4, 125, -1,
                                            127, 4, 126, -1, 128, 4, 127, -1,
                                            129, 4, 128, -1, 116, 4, 129, -1,
                                            119, 35, 118, -1, 118, 35, 29, -1,
                                            124, 30, 123, -1, 4, 30, 124, -1,
                                            119, 34, 35, -1, 120, 34, 119, -1,
                                            30, 31, 123, -1, 123, 31, 122, -1,
                                            31, 32, 122, -1, 122, 32, 121, -1,
                                            121, 33, 120, -1, 32, 33, 121, -1,
                                            120, 33, 34, -1, 5, 4, 115, -1,
                                            144, 154, 145, -1, 153, 154, 144, -1,
                                            145, 155, 146, -1, 154, 155, 145, -1,
                                            146, 156, 147, -1, 155, 156, 146, -1,
                                            147, 157, 148, -1, 156, 157, 147, -1,
                                            148, 158, 149, -1, 157, 158, 148, -1,
                                            149, 159, 150, -1, 158, 159, 149, -1,
                                            150, 152, 151, -1, 159, 152, 150, -1,
                                            170, 160, 161, -1, 170, 169, 160, -1,
                                            171, 161, 162, -1, 171, 170, 161, -1,
                                            172, 162, 163, -1, 172, 171, 162, -1,
                                            173, 163, 164, -1, 173, 172, 163, -1,
                                            174, 164, 165, -1, 174, 173, 164, -1,
                                            175, 165, 166, -1, 175, 174, 165, -1,
                                            168, 166, 167, -1, 168, 175, 166, -1,
                                            224, 188, 189, -1, 225, 189, 190, -1,
                                            225, 224, 189, -1, 223, 187, 188, -1,
                                            223, 188, 224, -1, 226, 190, 191, -1,
                                            226, 225, 190, -1, 222, 186, 187, -1,
                                            222, 187, 223, -1, 227, 191, 192, -1,
                                            227, 226, 191, -1, 221, 185, 186, -1,
                                            221, 186, 222, -1, 228, 227, 192, -1,
                                            220, 185, 221, -1, 229, 228, 192, -1,
                                            219, 185, 220, -1, 230, 229, 192, -1,
                                            218, 185, 219, -1, 231, 230, 192, -1,
                                            217, 185, 218, -1, 232, 231, 192, -1,
                                            277, 184, 185, -1, 277, 185, 217, -1,
                                            277, 276, 184, -1, 275, 184, 276, -1,
                                            278, 277, 217, -1, 278, 217, 216, -1,
                                            274, 184, 275, -1, 279, 278, 216, -1,
                                            279, 216, 215, -1, 273, 183, 184, -1,
                                            273, 184, 274, -1, 280, 279, 215, -1,
                                            280, 214, 213, -1, 280, 215, 214, -1,
                                            272, 182, 183, -1, 272, 183, 273, -1,
                                            281, 280, 213, -1, 271, 182, 272, -1,
                                            181, 182, 271, -1, 282, 281, 213, -1,
                                            282, 213, 212, -1, 270, 181, 271, -1,
                                            283, 282, 212, -1, 283, 212, 211, -1,
                                            180, 181, 270, -1, 180, 270, 269, -1,
                                            284, 210, 209, -1, 284, 211, 210, -1,
                                            284, 283, 211, -1, 285, 284, 209, -1,
                                            179, 180, 269, -1, 179, 269, 268, -1,
                                            178, 179, 268, -1, 178, 268, 267, -1,
                                            177, 178, 267, -1, 177, 263, 262, -1,
                                            177, 264, 263, -1, 177, 265, 264, -1,
                                            177, 266, 265, -1, 177, 267, 266, -1,
                                            286, 285, 209, -1, 286, 209, 208, -1,
                                            286, 233, 232, -1, 286, 208, 233, -1,
                                            286, 232, 192, -1, 193, 286, 192, -1,
                                            251, 250, 193, -1, 249, 289, 286, -1,
                                            249, 193, 250, -1, 249, 286, 193, -1,
                                            252, 251, 193, -1, 248, 289, 249, -1,
                                            253, 252, 193, -1, 247, 289, 248, -1,
                                            254, 193, 200, -1, 254, 253, 193, -1,
                                            246, 289, 247, -1, 255, 200, 199, -1,
                                            255, 254, 200, -1, 245, 289, 246, -1,
                                            287, 260, 285, -1, 287, 285, 286, -1,
                                            287, 177, 262, -1, 287, 261, 260, -1,
                                            287, 262, 261, -1, 256, 255, 199, -1,
                                            256, 199, 198, -1, 244, 289, 245, -1,
                                            257, 256, 198, -1, 243, 289, 244, -1,
                                            197, 257, 198, -1, 258, 257, 197, -1,
                                            242, 289, 243, -1, 241, 289, 242, -1,
                                            196, 258, 197, -1, 196, 259, 258, -1,
                                            195, 259, 196, -1, 195, 234, 259, -1,
                                            194, 234, 195, -1, 194, 235, 234, -1,
                                            194, 236, 235, -1, 194, 237, 236, -1,
                                            194, 238, 237, -1, 307, 306, 288, -1,
                                            305, 288, 306, -1, 308, 288, 289, -1,
                                            308, 307, 288, -1, 304, 288, 305, -1,
                                            309, 289, 241, -1, 309, 308, 289, -1,
                                            309, 241, 240, -1, 303, 288, 304, -1,
                                            310, 309, 240, -1, 302, 288, 303, -1,
                                            311, 239, 238, -1, 311, 240, 239, -1,
                                            311, 310, 240, -1, 301, 288, 302, -1,
                                            312, 238, 194, -1, 312, 311, 238, -1,
                                            201, 313, 312, -1, 201, 314, 313, -1,
                                            201, 315, 314, -1, 201, 290, 315, -1,
                                            201, 312, 194, -1, 176, 287, 288, -1,
                                            176, 297, 296, -1, 176, 298, 297, -1,
                                            176, 299, 298, -1, 176, 300, 299, -1,
                                            176, 301, 300, -1, 176, 288, 301, -1,
                                            207, 291, 290, -1, 207, 290, 201, -1,
                                            202, 296, 295, -1, 202, 176, 296, -1,
                                            206, 291, 207, -1, 206, 292, 291, -1,
                                            203, 202, 295, -1, 203, 295, 294, -1,
                                            204, 203, 294, -1, 204, 294, 293, -1,
                                            205, 293, 292, -1, 205, 204, 293, -1,
                                            205, 292, 206, -1, 176, 177, 287, -1,
                                            316, 317, 318, -1, 318, 317, 319, -1,
                                            320, 321, 322, -1, 322, 321, 323, -1,
                                            324, 334, 325, -1, 333, 334, 324, -1,
                                            325, 335, 326, -1, 334, 335, 325, -1,
                                            326, 336, 327, -1, 335, 336, 326, -1,
                                            327, 337, 328, -1, 336, 337, 327, -1,
                                            328, 338, 329, -1, 337, 338, 328, -1,
                                            329, 339, 330, -1, 338, 339, 329, -1,
                                            330, 332, 331, -1, 339, 332, 330, -1,
                                            350, 340, 341, -1, 350, 349, 340, -1,
                                            351, 341, 342, -1, 351, 350, 341, -1,
                                            352, 342, 343, -1, 352, 351, 342, -1,
                                            353, 343, 344, -1, 353, 352, 343, -1,
                                            354, 344, 345, -1, 354, 353, 344, -1,
                                            355, 345, 346, -1, 355, 354, 345, -1,
                                            348, 346, 347, -1, 348, 355, 346, -1,
                                            356, 357, 358, -1, 358, 357, 359, -1,
                                            360, 389, 361, -1, 361, 389, 362, -1,
                                            362, 390, 363, -1, 389, 390, 362, -1,
                                            363, 391, 364, -1, 390, 391, 363, -1,
                                            364, 392, 365, -1, 365, 392, 366, -1,
                                            391, 392, 364, -1, 392, 393, 366, -1,
                                            366, 394, 367, -1, 393, 394, 366, -1,
                                            367, 395, 368, -1, 394, 395, 367, -1,
                                            368, 396, 369, -1, 395, 396, 368, -1,
                                            369, 397, 370, -1, 396, 397, 369, -1,
                                            370, 398, 371, -1, 397, 398, 370, -1,
                                            371, 399, 372, -1, 398, 399, 371, -1,
                                            399, 400, 372, -1, 372, 400, 373, -1,
                                            400, 401, 373, -1, 373, 401, 374, -1,
                                            374, 402, 375, -1, 401, 402, 374, -1,
                                            375, 403, 376, -1, 402, 403, 375, -1,
                                            376, 404, 377, -1, 403, 404, 376, -1,
                                            377, 405, 378, -1, 404, 405, 377, -1,
                                            378, 406, 379, -1, 405, 406, 378, -1,
                                            379, 407, 380, -1, 406, 407, 379, -1,
                                            380, 408, 381, -1, 407, 408, 380, -1,
                                            381, 409, 382, -1, 408, 409, 381, -1,
                                            382, 410, 383, -1, 409, 410, 382, -1,
                                            383, 411, 384, -1, 410, 411, 383, -1,
                                            384, 412, 385, -1, 411, 412, 384, -1,
                                            385, 413, 386, -1, 412, 413, 385, -1,
                                            386, 388, 387, -1, 413, 388, 386, -1,
                                            414, 443, 415, -1, 415, 443, 416, -1,
                                            416, 444, 417, -1, 443, 444, 416, -1,
                                            417, 445, 418, -1, 444, 445, 417, -1,
                                            418, 446, 419, -1, 419, 446, 420, -1,
                                            445, 446, 418, -1, 446, 447, 420, -1,
                                            420, 448, 421, -1, 447, 448, 420, -1,
                                            421, 449, 422, -1, 448, 449, 421, -1,
                                            422, 450, 423, -1, 449, 450, 422, -1,
                                            423, 451, 424, -1, 450, 451, 423, -1,
                                            424, 452, 425, -1, 451, 452, 424, -1,
                                            425, 453, 426, -1, 452, 453, 425, -1,
                                            453, 454, 426, -1, 426, 454, 427, -1,
                                            454, 455, 427, -1, 427, 455, 428, -1,
                                            428, 456, 429, -1, 455, 456, 428, -1,
                                            429, 457, 430, -1, 456, 457, 429, -1,
                                            430, 458, 431, -1, 457, 458, 430, -1,
                                            431, 459, 432, -1, 458, 459, 431, -1,
                                            432, 460, 433, -1, 459, 460, 432, -1,
                                            433, 461, 434, -1, 460, 461, 433, -1,
                                            434, 462, 435, -1, 461, 462, 434, -1,
                                            435, 463, 436, -1, 462, 463, 435, -1,
                                            436, 464, 437, -1, 463, 464, 436, -1,
                                            437, 465, 438, -1, 464, 465, 437, -1,
                                            438, 466, 439, -1, 465, 466, 438, -1,
                                            439, 467, 440, -1, 466, 467, 439, -1,
                                            440, 442, 441, -1, 467, 442, 440, -1,
                                            468, 497, 469, -1, 469, 497, 470, -1,
                                            470, 498, 471, -1, 497, 498, 470, -1,
                                            471, 499, 472, -1, 498, 499, 471, -1,
                                            472, 500, 473, -1, 473, 500, 474, -1,
                                            499, 500, 472, -1, 500, 501, 474, -1,
                                            474, 502, 475, -1, 501, 502, 474, -1,
                                            475, 503, 476, -1, 502, 503, 475, -1,
                                            476, 504, 477, -1, 503, 504, 476, -1,
                                            477, 505, 478, -1, 504, 505, 477, -1,
                                            478, 506, 479, -1, 505, 506, 478, -1,
                                            479, 507, 480, -1, 506, 507, 479, -1,
                                            507, 508, 480, -1, 480, 508, 481, -1,
                                            508, 509, 481, -1, 481, 509, 482, -1,
                                            482, 510, 483, -1, 509, 510, 482, -1,
                                            483, 511, 484, -1, 510, 511, 483, -1,
                                            484, 512, 485, -1, 511, 512, 484, -1,
                                            485, 513, 486, -1, 512, 513, 485, -1,
                                            486, 514, 487, -1, 513, 514, 486, -1,
                                            487, 515, 488, -1, 514, 515, 487, -1,
                                            488, 516, 489, -1, 515, 516, 488, -1,
                                            489, 517, 490, -1, 516, 517, 489, -1,
                                            490, 518, 491, -1, 517, 518, 490, -1,
                                            491, 519, 492, -1, 518, 519, 491, -1,
                                            492, 520, 493, -1, 519, 520, 492, -1,
                                            493, 521, 494, -1, 520, 521, 493, -1,
                                            494, 496, 495, -1, 521, 496, 494, -1,
                                            524, 522, 523, -1, 525, 522, 524, -1,
                                            529, 526, 527, -1, 529, 527, 528, -1,
                                            532, 530, 531, -1, 533, 530, 532, -1,
                                            537, 534, 535, -1, 537, 535, 536, -1,
                                            538, 567, 539, -1, 539, 567, 540, -1,
                                            540, 568, 541, -1, 567, 568, 540, -1,
                                            541, 569, 542, -1, 568, 569, 541, -1,
                                            542, 570, 543, -1, 543, 570, 544, -1,
                                            569, 570, 542, -1, 570, 571, 544, -1,
                                            544, 572, 545, -1, 571, 572, 544, -1,
                                            545, 573, 546, -1, 572, 573, 545, -1,
                                            546, 574, 547, -1, 573, 574, 546, -1,
                                            547, 575, 548, -1, 574, 575, 547, -1,
                                            548, 576, 549, -1, 575, 576, 548, -1,
                                            549, 577, 550, -1, 576, 577, 549, -1,
                                            577, 578, 550, -1, 550, 578, 551, -1,
                                            578, 579, 551, -1, 551, 579, 552, -1,
                                            552, 580, 553, -1, 579, 580, 552, -1,
                                            553, 581, 554, -1, 580, 581, 553, -1,
                                            554, 582, 555, -1, 581, 582, 554, -1,
                                            555, 583, 556, -1, 582, 583, 555, -1,
                                            556, 584, 557, -1, 583, 584, 556, -1,
                                            557, 585, 558, -1, 584, 585, 557, -1,
                                            558, 586, 559, -1, 585, 586, 558, -1,
                                            559, 587, 560, -1, 586, 587, 559, -1,
                                            560, 588, 561, -1, 587, 588, 560, -1,
                                            561, 589, 562, -1, 588, 589, 561, -1,
                                            562, 590, 563, -1, 589, 590, 562, -1,
                                            563, 591, 564, -1, 590, 591, 563, -1,
                                            564, 566, 565, -1, 591, 566, 564, -1 ]
                                        ccw TRUE
                                        solid FALSE
                                        convex TRUE
                                        creaseAngle 0

                                      }

                                    }

                                },
                                  
                                DEF o93 Group {
                                  children 
                                    DEF o94 Shape {
                                      appearance 
                                      Appearance {
                                        material 
                                        Material {
                                          diffuseColor 1 1 1
                                          shininess 1

                                        }

                                      }
                                      geometry 
                                      IndexedLineSet {
                                        coord 
                                        USE o90
                                        coordIndex [ 0, 1, -1, 0, 2, -1, 1, 3,
                                            -1, 2, 3, -1, 4, 30, 31, 32,
                                            33, 34, 35, 29, -1, 5, 6, 7,
                                            8, 9, 10, 11, 12, -1, 22, 29,
                                            -1, 12, 13, -1, 22, 23, 24, 25,
                                            26, 27, 28, 21, -1, 13, 14, 15,
                                            16, 17, 18, 19, 20, -1, 20, 21,
                                            -1, 36, 37, 38, 39, 40, 41, 42,
                                            43, 44, 45, 46, 47, 48, 49, 50,
                                            51, 52, 53, 54, 55, 56, 57, 58,
                                            59, 60, 61, 36, -1, 62, 63, 64,
                                            65, 66, 67, 68, 69, 70, 71, 72,
                                            73, 74, 75, 76, 77, 78, 79, 80,
                                            81, 82, 83, 84, 85, 86, 87, 62,
                                            -1, 88, 89, 90, 91, 92, 93, 94,
                                            95, 96, 97, 98, 99, 100, 101, 102,
                                            103, 104, 105, 106, 107, 108, 109, 110,
                                            111, 112, 113, 88, -1, 114, 115, -1,
                                            117, 114, -1, 116, 117, -1, 115, 116,
                                            -1, 118, 119, 120, 121, 122, 123, 124,
                                            125, 126, 127, 128, 129, 130, 131, 132,
                                            133, 134, 135, 136, 137, 138, 139, 140,
                                            141, 142, 143, 118, -1, 151, 152, -1,
                                            153, 154, 155, 156, 157, 158, 159, 152,
                                            -1, 167, 168, -1, 169, 170, 171, 172,
                                            173, 174, 175, 168, -1, 194, 201, -1,
                                            184, 185, -1, 194, 195, 196, 197, 198,
                                            199, 200, 193, -1, 185, 186, 187, 188,
                                            189, 190, 191, 192, -1, 192, 193, -1,
                                            208, 209, 210, 211, 212, 213, 214, 215,
                                            216, 217, 218, 219, 220, 221, 222, 223,
                                            224, 225, 226, 227, 228, 229, 230, 231,
                                            232, 233, 208, -1, 234, 235, 236, 237,
                                            238, 239, 240, 241, 242, 243, 244, 245,
                                            246, 247, 248, 249, 250, 251, 252, 253,
                                            254, 255, 256, 257, 258, 259, 234, -1,
                                            260, 261, 262, 263, 264, 265, 266, 267,
                                            268, 269, 270, 271, 272, 273, 274, 275,
                                            276, 277, 278, 279, 280, 281, 282, 283,
                                            284, 285, 260, -1, 286, 287, -1, 289,
                                            286, -1, 288, 289, -1, 287, 288, -1,
                                            290, 291, 292, 293, 294, 295, 296, 297,
                                            298, 299, 300, 301, 302, 303, 304, 305,
                                            306, 307, 308, 309, 310, 311, 312, 313,
                                            314, 315, 290, -1, 316, 318, -1, 321,
                                            323, -1, 331, 332, -1, 347, 348, -1,
                                            388, 387, -1, 442, 441, -1, 496, 495,
                                            -1, 522, 523, -1, 525, 524, -1, 526,
                                            527, -1, 530, 531, -1, 566, 565, -1 ]

                                      }

                                    }

                                } ]

                            },
                              
                            DEF o95 Group {

                            } ]

                        }

                    } ]

                },
                  
                DEF o96 Group {

                } ]

            }

        },
          
        DEF o97 Group {
          children 
            DEF o98 Transform {
              translation -0 -0 -0
              rotation 0 0 1  0
              scale 1 1 1
              scaleOrientation 0 0 1  0
              center 0 0 0
              children [ 
                DEF o99 Group {
                  children [ 
                    DEF o100 Group {
                      children 
                        DEF o101 Transform {
                          translation -0 -0 -0
                          rotation 0 0 1  0
                          scale 1 1 1
                          scaleOrientation 0 0 1  0
                          center 0 0 0

                        }

                    },
                      
                    DEF o102 Group {
                      children 
                        DEF o103 Transform {
                          translation 0 0 0
                          rotation 0 0 1  0
                          scale 1 1 1
                          scaleOrientation 0 0 1  0
                          center 0 0 0
                          children 
                            DEF o104 Group {

                            }

                        }

                    },
                      
                    DEF o105 Group {
                      children 
                        DEF o106 Transform {
                          translation 0 0 0
                          rotation 0 0 1  0
                          scale 1 1 1
                          scaleOrientation 0 0 1  0
                          center 0 0 0
                          children 
                            DEF o107 Group {

                            }

                        }

                    },
                      
                    DEF o108 Group {
                      children 
                        DEF o109 Transform {
                          translation 0 0 0
                          rotation 1 0 0  3.1415927
                          scale 1 1 1
                          scaleOrientation 0 0 1  0
                          center 0 0 0
                          children 
                            DEF o110 Group {

                            }

                        }

                    },
                      
                    DEF o111 Group {
                      children 
                        DEF o112 Transform {
                          translation 0 0 0
                          rotation 0 0 1  0
                          scale 1 1 1
                          scaleOrientation 0 0 1  0
                          center 0 0 0
                          children 
                            DEF o113 Group {

                            }

                        }

                    },
                      
                    DEF o114 Group {
                      children 
                        DEF o115 Transform {
                          translation 0 12.35 0
                          rotation 0 0.70710677 0.70710677  3.1415927
                          scale 1 1 1
                          scaleOrientation 0 0 1  0
                          center 0 0 0
                          children 
                            DEF o116 Group {

                            }

                        }

                    },
                      
                    DEF o117 Group {
                      children 
                        DEF o118 Transform {
                          translation 0 0 0
                          rotation 0 0 1  0
                          scale 1 1 1
                          scaleOrientation 0 0 1  0
                          center 0 0 0
                          children 
                            DEF o119 Group {

                            }

                        }

                    },
                      
                    DEF o120 Group {
                      children 
                        DEF o121 Transform {
                          translation 0 -14.65 0
                          rotation 1 0 0  1.5707964
                          scale 1 1 1
                          scaleOrientation 0 0 1  0
                          center 0 0 0
                          children 
                            DEF o122 Group {

                            }

                        }

                    },
                      
                    DEF o123 Group {
                      children 
                        DEF o124 Transform {
                          translation 0 0 0
                          rotation 0 0 1  0
                          scale 1 1 1
                          scaleOrientation 0 0 1  0
                          center 0 0 0
                          children [ 
                            DEF o125 Group {
                              children [ 
                                DEF o126 Group {
                                  children 
                                    DEF o127 Shape {
                                      appearance 
                                      Appearance {
                                        material 
                                        Material {
                                          emissiveColor 1 1 1

                                        }

                                      }
                                      geometry 
                                      PointSet {
                                        coord 
                                        DEF o128 Coordinate {
                                          point [ -47.509171 -11.9 0,
                                              -47.509171 -11.9 92.699997,
                                              -47.439934 -12.513212 92.699997,
                                              -47.235703 -13.095546 92.699997,
                                              -46.906761 -13.617676 92.699997,
                                              -46.469673 -14.053311 92.699997,
                                              -45.946449 -14.380512 92.699997,
                                              -45.363438 -14.582805 92.699997,
                                              -44.75 -14.65 92.699997,
                                              -44.75 -14.65 0,
                                              -47.439934 -12.513212 0,
                                              -47.235703 -13.095546 0,
                                              -46.906761 -13.617676 0,
                                              -46.469673 -14.053311 0,
                                              -45.946449 -14.380512 0,
                                              -45.363438 -14.582805 0,
                                              -47.509171 -11.9 0,
                                              -47.509171 -11.9 92.699997,
                                              -47.509171 -2.75 92.699997,
                                              -47.509171 -2.75 0,
                                              -44.75 -14.65 0,
                                              -44.75 -14.65 92.699997,
                                              44.75 -14.65 92.699997,
                                              44.75 -14.65 0,
                                              -38.75 -14.65 8,
                                              -25.75 -14.65 8,
                                              -25.75 -14.65 84.699997,
                                              -38.75 -14.65 84.699997,
                                              -47.509171 -11.9 0,
                                              -47.439934 -12.513212 0,
                                              -47.235703 -13.095546 0,
                                              -46.906761 -13.617676 0,
                                              -46.469673 -14.053311 0,
                                              -45.946449 -14.380512 0,
                                              -45.363438 -14.582805 0,
                                              -44.75 -14.65 0,
                                              44.75 -14.65 0,
                                              45.361935 -14.581052 0,
                                              45.94318 -14.377664 0,
                                              46.4646 -14.050035 0,
                                              46.90004 -13.614594 0,
                                              47.227665 -13.093177 0,
                                              47.431053 -12.511929 0,
                                              47.5 -11.899995 0,
                                              47.5 -2.75 0,
                                              46.5 -2.75 0,
                                              45.349998 -3.75 0,
                                              44.75 -3.75 0,
                                              44.75 1.45 0,
                                              45.349998 1.45 0,
                                              46.5 0.44999999 0,
                                              47.5 0.44999999 0,
                                              47.5 9.6000004 0,
                                              47.431053 10.211932 0,
                                              47.227665 10.79318 0,
                                              46.900036 11.314597 0,
                                              46.464596 11.750036 0,
                                              45.94318 12.077664 0,
                                              45.361931 12.281052 0,
                                              44.75 12.35 0,
                                              -44.75 12.35 0,
                                              -45.361931 12.281052 0,
                                              -45.94318 12.077664 0,
                                              -46.464596 11.750036 0,
                                              -46.900036 11.314597 0,
                                              -47.227665 10.79318 0,
                                              -47.431053 10.211932 0,
                                              -47.5 9.6000004 0,
                                              -47.5 0.44999999 0,
                                              -46.5 0.44999999 0,
                                              -45.349998 1.45 0,
                                              -44.75 1.45 0,
                                              -44.75 -3.75 0,
                                              -45.349998 -3.75 0,
                                              -46.509171 -2.75 0,
                                              -47.509171 -2.75 0,
                                              -45.209171 -5.1418338 0,
                                              -43.018341 -5.1418338 0,
                                              -43.018341 3.2853253 0,
                                              -45.200001 3.2853253 0,
                                              -45.200001 6.8499999 0,
                                              -44.75 6.8499999 0,
                                              -44.138069 6.9189482 0,
                                              -43.55682 7.1223354 0,
                                              -43.035404 7.4499636 0,
                                              -42.599964 7.8854032 0,
                                              -42.272335 8.4068193 0,
                                              -42.068947 8.9880676 0,
                                              -42 9.6000004 0,
                                              -42 10.05 0,
                                              -20.799999 10.05 -1e-015,
                                              -18.379999 10.05 -1e-015,
                                              42 10.05 0,
                                              42 9.6000004 0,
                                              42.068947 8.9880676 0,
                                              42.272335 8.4068193 0,
                                              42.599964 7.8854032 0,
                                              43.035404 7.4499636 0,
                                              43.55682 7.1223354 0,
                                              44.138069 6.9189482 0,
                                              44.75 6.8499999 0,
                                              45.200001 6.8499999 0,
                                              45.200001 3.2853253 0,
                                              43 3.2853253 0,
                                              43 -5.1500001 0,
                                              45.19083 -5.1500001 0,
                                              45.19083 -7.1500001 0,
                                              43 -7.1500001 0,
                                              43 -7.6500001 0,
                                              44.5 -9.1613874 0,
                                              43.838974 -9.3052874 0,
                                              43.233082 -9.6062117 0,
                                              42.71899 -10.045951 0,
                                              42.327808 -10.597891 0,
                                              42.08321 -11.228631 0,
                                              42 -11.9 0,
                                              42 -12.35 0,
                                              -18.42 -12.350019 2e-015,
                                              -20.809999 -12.350019 2e-015,
                                              -42 -12.35 0,
                                              -42.009171 -11.9 0,
                                              -42.09201 -11.230122 0,
                                              -42.335533 -10.600601 0,
                                              -42.725063 -10.049363 0,
                                              -43.237141 -9.6096172 0,
                                              -43.840912 -9.3078547 0,
                                              -44.5 -9.1622553 0,
                                              -43.018341 -7.7621298 0,
                                              -43.018341 -7.1418338 0,
                                              -45.209171 -7.1418338 0,
                                              -43.75 9.6000004 0,
                                              -43.779057 9.8393154 0,
                                              -43.864544 10.064723 0,
                                              -44.001488 10.263123 0,
                                              -44.181934 10.422984 0,
                                              -44.395393 10.535016 0,
                                              -44.629463 10.592709 0,
                                              -44.870537 10.592709 0,
                                              -45.104607 10.535016 0,
                                              -45.318066 10.422984 0,
                                              -45.498512 10.263123 0,
                                              -45.635456 10.064723 0,
                                              -45.720943 9.8393154 0,
                                              -45.75 9.6000004 0,
                                              -45.720943 9.3606844 0,
                                              -45.635456 9.1352768 0,
                                              -45.498512 8.9368773 0,
                                              -45.318066 8.7770157 0,
                                              -45.104607 8.6649837 0,
                                              -44.870537 8.6072912 0,
                                              -44.629463 8.6072912 0,
                                              -44.395393 8.6649837 0,
                                              -44.181934 8.7770157 0,
                                              -44.001488 8.9368773 0,
                                              -43.864544 9.1352768 0,
                                              -43.779057 9.3606844 0,
                                              45.75 9.6000004 0,
                                              45.720943 9.8393154 0,
                                              45.635456 10.064723 0,
                                              45.498512 10.263123 0,
                                              45.318066 10.422984 0,
                                              45.104607 10.535016 0,
                                              44.870537 10.592709 0,
                                              44.629463 10.592709 0,
                                              44.395393 10.535016 0,
                                              44.181934 10.422984 0,
                                              44.001488 10.263123 0,
                                              43.864544 10.064723 0,
                                              43.779057 9.8393154 0,
                                              43.75 9.6000004 0,
                                              43.779057 9.3606844 0,
                                              43.864544 9.1352768 0,
                                              44.001488 8.9368773 0,
                                              44.181934 8.7770157 0,
                                              44.395393 8.6649837 0,
                                              44.629463 8.6072912 0,
                                              44.870537 8.6072912 0,
                                              45.104607 8.6649837 0,
                                              45.318066 8.7770157 0,
                                              45.498512 8.9368773 0,
                                              45.635456 9.1352768 0,
                                              45.720943 9.3606844 0,
                                              -43.759171 -11.900015 0,
                                              -43.788227 -11.6607 0,
                                              -43.873714 -11.435292 0,
                                              -44.010658 -11.236893 0,
                                              -44.191105 -11.077031 0,
                                              -44.404564 -10.964999 0,
                                              -44.638634 -10.907307 0,
                                              -44.879707 -10.907307 0,
                                              -45.113773 -10.964999 0,
                                              -45.327236 -11.077031 0,
                                              -45.507679 -11.236893 0,
                                              -45.644627 -11.435292 0,
                                              -45.73011 -11.6607 0,
                                              -45.759171 -11.900015 0,
                                              -45.73011 -12.139331 0,
                                              -45.644627 -12.364738 0,
                                              -45.507679 -12.563138 0,
                                              -45.327236 -12.723 0,
                                              -45.113773 -12.835032 0,
                                              -44.879707 -12.892724 0,
                                              -44.638634 -12.892724 0,
                                              -44.404564 -12.835032 0,
                                              -44.191105 -12.723 0,
                                              -44.010658 -12.563138 0,
                                              -43.873714 -12.364738 0,
                                              -43.788227 -12.139331 0,
                                              45.75 -11.9 0,
                                              45.720943 -11.660685 0,
                                              45.635456 -11.435277 0,
                                              45.498512 -11.236877 0,
                                              45.318066 -11.077016 0,
                                              45.104607 -10.964984 0,
                                              44.870537 -10.907291 0,
                                              44.629463 -10.907291 0,
                                              44.395393 -10.964984 0,
                                              44.181934 -11.077016 0,
                                              44.001488 -11.236877 0,
                                              43.864544 -11.435277 0,
                                              43.779057 -11.660685 0,
                                              43.75 -11.9 0,
                                              43.779057 -12.139316 0,
                                              43.864544 -12.364723 0,
                                              44.001488 -12.563123 0,
                                              44.181934 -12.722984 0,
                                              44.395393 -12.835016 0,
                                              44.629463 -12.892709 0,
                                              44.870537 -12.892709 0,
                                              45.104607 -12.835016 0,
                                              45.318066 -12.722984 0,
                                              45.498512 -12.563123 0,
                                              45.635456 -12.364723 0,
                                              45.720943 -12.139316 0,
                                              -47.509171 -11.9 92.699997,
                                              -47.439934 -12.513212 92.699997,
                                              -47.235703 -13.095546 92.699997,
                                              -46.906761 -13.617676 92.699997,
                                              -46.469673 -14.053311 92.699997,
                                              -45.946449 -14.380512 92.699997,
                                              -45.363438 -14.582805 92.699997,
                                              -44.75 -14.65 92.699997,
                                              44.75 -14.65 92.699997,
                                              45.361935 -14.581052 92.699997,
                                              45.94318 -14.377664 92.699997,
                                              46.4646 -14.050035 92.699997,
                                              46.90004 -13.614594 92.699997,
                                              47.227665 -13.093177 92.699997,
                                              47.431053 -12.511929 92.699997,
                                              47.5 -11.899995 92.699997,
                                              47.5 -2.75 92.699997,
                                              46.5 -2.75 92.699997,
                                              45.349998 -3.75 92.699997,
                                              44.75 -3.75 92.699997,
                                              44.75 1.45 92.699997,
                                              45.349998 1.45 92.699997,
                                              46.5 0.44999999 92.699997,
                                              47.5 0.44999999 92.699997,
                                              47.5 9.6000004 92.699997,
                                              47.431053 10.211932 92.699997,
                                              47.227665 10.79318 92.699997,
                                              46.900036 11.314597 92.699997,
                                              46.464596 11.750036 92.699997,
                                              45.94318 12.077664 92.699997,
                                              45.361931 12.281052 92.699997,
                                              44.75 12.35 92.699997,
                                              -44.75 12.35 92.699997,
                                              -45.361931 12.281052 92.699997,
                                              -45.94318 12.077664 92.699997,
                                              -46.464596 11.750036 92.699997,
                                              -46.900036 11.314597 92.699997,
                                              -47.227665 10.79318 92.699997,
                                              -47.431053 10.211932 92.699997,
                                              -47.5 9.6000004 92.699997,
                                              -47.5 0.44999999 92.699997,
                                              -46.5 0.44999999 92.699997,
                                              -45.349998 1.45 92.699997,
                                              -44.75 1.45 92.699997,
                                              -44.75 -3.75 92.699997,
                                              -45.349998 -3.75 92.699997,
                                              -46.509171 -2.75 92.699997,
                                              -47.509171 -2.75 92.699997,
                                              -45.209171 -5.1418338 92.699997,
                                              -43.018341 -5.1418338 92.699997,
                                              -43.018341 3.2853253 92.699997,
                                              -45.200001 3.2853253 92.699997,
                                              -45.200001 6.8499999 92.699997,
                                              -44.75 6.8499999 92.699997,
                                              -44.138069 6.9189482 92.699997,
                                              -43.55682 7.1223354 92.699997,
                                              -43.035404 7.4499636 92.699997,
                                              -42.599964 7.8854032 92.699997,
                                              -42.272335 8.4068193 92.699997,
                                              -42.068947 8.9880676 92.699997,
                                              -42 9.6000004 92.699997,
                                              -42 10.05 92.699997,
                                              42 10.05 92.699997,
                                              42 9.6000004 92.699997,
                                              42.068947 8.9880676 92.699997,
                                              42.272335 8.4068193 92.699997,
                                              42.599964 7.8854032 92.699997,
                                              43.035404 7.4499636 92.699997,
                                              43.55682 7.1223354 92.699997,
                                              44.138069 6.9189482 92.699997,
                                              44.75 6.8499999 92.699997,
                                              45.200001 6.8499999 92.699997,
                                              45.200001 3.2853253 92.699997,
                                              43 3.2853253 92.699997,
                                              43 -5.1500001 92.699997,
                                              45.19083 -5.1500001 92.699997,
                                              45.19083 -7.1500001 92.699997,
                                              43 -7.1500001 92.699997,
                                              43 -7.6500001 92.699997,
                                              44.5 -9.1613874 92.699997,
                                              43.838974 -9.3052874 92.699997,
                                              43.233082 -9.6062117 92.699997,
                                              42.71899 -10.045951 92.699997,
                                              42.327808 -10.597891 92.699997,
                                              42.08321 -11.228631 92.699997,
                                              42 -11.9 92.699997,
                                              42 -12.35 92.699997,
                                              -42 -12.35 92.699997,
                                              -42.009171 -11.9 92.699997,
                                              -42.09201 -11.230122 92.699997,
                                              -42.335533 -10.600601 92.699997,
                                              -42.725063 -10.049363 92.699997,
                                              -43.237141 -9.6096172 92.699997,
                                              -43.840912 -9.3078547 92.699997,
                                              -44.5 -9.1622553 92.699997,
                                              -43.018341 -7.7621298 92.699997,
                                              -43.018341 -7.1418338 92.699997,
                                              -45.209171 -7.1418338 92.699997,
                                              -43.75 9.6000004 92.699997,
                                              -43.779057 9.8393154 92.699997,
                                              -43.864544 10.064723 92.699997,
                                              -44.001488 10.263123 92.699997,
                                              -44.181934 10.422984 92.699997,
                                              -44.395393 10.535016 92.699997,
                                              -44.629463 10.592709 92.699997,
                                              -44.870537 10.592709 92.699997,
                                              -45.104607 10.535016 92.699997,
                                              -45.318066 10.422984 92.699997,
                                              -45.498512 10.263123 92.699997,
                                              -45.635456 10.064723 92.699997,
                                              -45.720943 9.8393154 92.699997,
                                              -45.75 9.6000004 92.699997,
                                              -45.720943 9.3606844 92.699997,
                                              -45.635456 9.1352768 92.699997,
                                              -45.498512 8.9368773 92.699997,
                                              -45.318066 8.7770157 92.699997,
                                              -45.104607 8.6649837 92.699997,
                                              -44.870537 8.6072912 92.699997,
                                              -44.629463 8.6072912 92.699997,
                                              -44.395393 8.6649837 92.699997,
                                              -44.181934 8.7770157 92.699997,
                                              -44.001488 8.9368773 92.699997,
                                              -43.864544 9.1352768 92.699997,
                                              -43.779057 9.3606844 92.699997,
                                              45.75 9.6000004 92.699997,
                                              45.720943 9.8393154 92.699997,
                                              45.635456 10.064723 92.699997,
                                              45.498512 10.263123 92.699997,
                                              45.318066 10.422984 92.699997,
                                              45.104607 10.535016 92.699997,
                                              44.870537 10.592709 92.699997,
                                              44.629463 10.592709 92.699997,
                                              44.395393 10.535016 92.699997,
                                              44.181934 10.422984 92.699997,
                                              44.001488 10.263123 92.699997,
                                              43.864544 10.064723 92.699997,
                                              43.779057 9.8393154 92.699997,
                                              43.75 9.6000004 92.699997,
                                              43.779057 9.3606844 92.699997,
                                              43.864544 9.1352768 92.699997,
                                              44.001488 8.9368773 92.699997,
                                              44.181934 8.7770157 92.699997,
                                              44.395393 8.6649837 92.699997,
                                              44.629463 8.6072912 92.699997,
                                              44.870537 8.6072912 92.699997,
                                              45.104607 8.6649837 92.699997,
                                              45.318066 8.7770157 92.699997,
                                              45.498512 8.9368773 92.699997,
                                              45.635456 9.1352768 92.699997,
                                              45.720943 9.3606844 92.699997,
                                              -43.759171 -11.900015 92.699997,
                                              -43.788227 -11.6607 92.699997,
                                              -43.873714 -11.435292 92.699997,
                                              -44.010658 -11.236893 92.699997,
                                              -44.191105 -11.077031 92.699997,
                                              -44.404564 -10.964999 92.699997,
                                              -44.638634 -10.907307 92.699997,
                                              -44.879707 -10.907307 92.699997,
                                              -45.113773 -10.964999 92.699997,
                                              -45.327236 -11.077031 92.699997,
                                              -45.507679 -11.236893 92.699997,
                                              -45.644627 -11.435292 92.699997,
                                              -45.73011 -11.6607 92.699997,
                                              -45.759171 -11.900015 92.699997,
                                              -45.73011 -12.139331 92.699997,
                                              -45.644627 -12.364738 92.699997,
                                              -45.507679 -12.563138 92.699997,
                                              -45.327236 -12.723 92.699997,
                                              -45.113773 -12.835032 92.699997,
                                              -44.879707 -12.892724 92.699997,
                                              -44.638634 -12.892724 92.699997,
                                              -44.404564 -12.835032 92.699997,
                                              -44.191105 -12.723 92.699997,
                                              -44.010658 -12.563138 92.699997,
                                              -43.873714 -12.364738 92.699997,
                                              -43.788227 -12.139331 92.699997,
                                              45.75 -11.9 92.699997,
                                              45.720943 -11.660685 92.699997,
                                              45.635456 -11.435277 92.699997,
                                              45.498512 -11.236877 92.699997,
                                              45.318066 -11.077016 92.699997,
                                              45.104607 -10.964984 92.699997,
                                              44.870537 -10.907291 92.699997,
                                              44.629463 -10.907291 92.699997,
                                              44.395393 -10.964984 92.699997,
                                              44.181934 -11.077016 92.699997,
                                              44.001488 -11.236877 92.699997,
                                              43.864544 -11.435277 92.699997,
                                              43.779057 -11.660685 92.699997,
                                              43.75 -11.9 92.699997,
                                              43.779057 -12.139316 92.699997,
                                              43.864544 -12.364723 92.699997,
                                              44.001488 -12.563123 92.699997,
                                              44.181934 -12.722984 92.699997,
                                              44.395393 -12.835016 92.699997,
                                              44.629463 -12.892709 92.699997,
                                              44.870537 -12.892709 92.699997,
                                              45.104607 -12.835016 92.699997,
                                              45.318066 -12.722984 92.699997,
                                              45.498512 -12.563123 92.699997,
                                              45.635456 -12.364723 92.699997,
                                              45.720943 -12.139316 92.699997,
                                              -47.509171 -2.75 0,
                                              -47.509171 -2.75 92.699997,
                                              -46.509171 -2.75 92.699997,
                                              -46.509171 -2.75 0,
                                              44.75 -14.65 0,
                                              44.75 -14.65 92.699997,
                                              45.361935 -14.581052 92.699997,
                                              45.94318 -14.377664 92.699997,
                                              46.4646 -14.050035 92.699997,
                                              46.90004 -13.614594 92.699997,
                                              47.227665 -13.093177 92.699997,
                                              47.431053 -12.511929 92.699997,
                                              47.5 -11.899995 92.699997,
                                              47.5 -11.899995 0,
                                              45.361935 -14.581052 0,
                                              45.94318 -14.377664 0,
                                              46.4646 -14.050035 0,
                                              46.90004 -13.614594 0,
                                              47.227665 -13.093177 0,
                                              47.431053 -12.511929 0,
                                              -38.75 -14.65 8,
                                              -38.75 -14.4 8,
                                              -25.75 -14.4 8,
                                              -25.75 -14.65 8,
                                              -38.75 -14.65 84.699997,
                                              -38.75 -14.4 84.699997,
                                              -38.75 -14.4 8,
                                              -38.75 -14.65 8,
                                              -25.75 -14.65 84.699997,
                                              -25.75 -14.4 84.699997,
                                              -38.75 -14.4 84.699997,
                                              -38.75 -14.65 84.699997,
                                              -25.75 -14.65 8,
                                              -25.75 -14.4 8,
                                              -25.75 -14.4 84.699997,
                                              -25.75 -14.65 84.699997,
                                              47.5 -2.75 0,
                                              47.5 -2.75 92.699997,
                                              47.5 -11.899995 92.699997,
                                              47.5 -11.899995 0,
                                              47.5 -2.75 0,
                                              47.5 -2.75 92.699997,
                                              46.5 -2.75 92.699997,
                                              46.5 -2.75 0,
                                              45.349998 -3.75 0,
                                              45.349998 -3.75 92.699997,
                                              46.5 -2.75 92.699997,
                                              46.5 -2.75 0,
                                              44.75 -3.75 0,
                                              44.75 -3.75 92.699997,
                                              45.349998 -3.75 92.699997,
                                              45.349998 -3.75 0,
                                              44.75 1.45 0,
                                              44.75 1.45 92.699997,
                                              44.75 -3.75 92.699997,
                                              44.75 -3.75 0,
                                              45.349998 1.45 0,
                                              45.349998 1.45 92.699997,
                                              44.75 1.45 92.699997,
                                              44.75 1.45 0,
                                              45.349998 1.45 0,
                                              45.349998 1.45 92.699997,
                                              46.5 0.44999999 92.699997,
                                              46.5 0.44999999 0,
                                              47.5 0.44999999 0,
                                              47.5 0.44999999 92.699997,
                                              46.5 0.44999999 92.699997,
                                              46.5 0.44999999 0,
                                              47.5 9.6000004 0,
                                              47.5 9.6000004 92.699997,
                                              47.5 0.44999999 92.699997,
                                              47.5 0.44999999 0,
                                              47.5 9.6000004 0,
                                              47.5 9.6000004 92.699997,
                                              47.431053 10.211932 92.699997,
                                              47.227665 10.79318 92.699997,
                                              46.900036 11.314597 92.699997,
                                              46.464596 11.750036 92.699997,
                                              45.94318 12.077664 92.699997,
                                              45.361931 12.281052 92.699997,
                                              44.75 12.35 92.699997,
                                              44.75 12.35 0,
                                              47.431053 10.211932 0,
                                              47.227665 10.79318 0,
                                              46.900036 11.314597 0,
                                              46.464596 11.750036 0,
                                              45.94318 12.077664 0,
                                              45.361931 12.281052 0,
                                              44.75 12.35 0,
                                              44.75 12.35 92.699997,
                                              -44.75 12.35 92.699997,
                                              -44.75 12.35 0,
                                              10.1 12.35 88.949997,
                                              10.656302 12.35 88.887321,
                                              11.18471 12.35 88.702423,
                                              11.658725 12.35 88.404579,
                                              12.054579 12.35 88.008728,
                                              12.352422 12.35 87.534706,
                                              12.53732 12.35 87.006302,
                                              12.6 12.35 86.449997,
                                              12.6 12.35 6.25,
                                              12.53732 12.35 5.6936975,
                                              12.352422 12.35 5.1652908,
                                              12.054579 12.35 4.6912756,
                                              11.658725 12.35 4.2954211,
                                              11.18471 12.35 3.9975779,
                                              10.656302 12.35 3.8126802,
                                              10.1 12.35 3.75,
                                              -10.1 12.35 3.75,
                                              -10.656302 12.35 3.8126802,
                                              -11.18471 12.35 3.9975779,
                                              -11.658725 12.35 4.2954211,
                                              -12.054579 12.35 4.6912756,
                                              -12.352422 12.35 5.1652908,
                                              -12.53732 12.35 5.6936975,
                                              -12.6 12.35 6.25,
                                              -12.6 12.35 86.449997,
                                              -12.53732 12.35 87.006302,
                                              -12.352422 12.35 87.534706,
                                              -12.054579 12.35 88.008728,
                                              -11.658725 12.35 88.404579,
                                              -11.18471 12.35 88.702423,
                                              -10.656302 12.35 88.887321,
                                              -10.1 12.35 88.949997,
                                              -44.75 12.35 0,
                                              -44.75 12.35 92.699997,
                                              -45.361931 12.281052 92.699997,
                                              -45.94318 12.077664 92.699997,
                                              -46.464596 11.750036 92.699997,
                                              -46.900036 11.314597 92.699997,
                                              -47.227665 10.79318 92.699997,
                                              -47.431053 10.211932 92.699997,
                                              -47.5 9.6000004 92.699997,
                                              -47.5 9.6000004 0,
                                              -45.361931 12.281052 0,
                                              -45.94318 12.077664 0,
                                              -46.464596 11.750036 0,
                                              -46.900036 11.314597 0,
                                              -47.227665 10.79318 0,
                                              -47.431053 10.211932 0,
                                              -47.5 0.44999999 0,
                                              -47.5 0.44999999 92.699997,
                                              -47.5 9.6000004 92.699997,
                                              -47.5 9.6000004 0,
                                              -47.5 0.44999999 0,
                                              -47.5 0.44999999 92.699997,
                                              -46.5 0.44999999 92.699997,
                                              -46.5 0.44999999 0,
                                              -46.5 0.44999999 0,
                                              -46.5 0.44999999 92.699997,
                                              -45.349998 1.45 92.699997,
                                              -45.349998 1.45 0,
                                              -44.75 1.45 0,
                                              -44.75 1.45 92.699997,
                                              -45.349998 1.45 92.699997,
                                              -45.349998 1.45 0,
                                              -44.75 1.45 0,
                                              -44.75 1.45 92.699997,
                                              -44.75 -3.75 92.699997,
                                              -44.75 -3.75 0,
                                              -44.75 -3.75 0,
                                              -44.75 -3.75 92.699997,
                                              -45.349998 -3.75 92.699997,
                                              -45.349998 -3.75 0,
                                              -46.509171 -2.75 0,
                                              -46.509171 -2.75 92.699997,
                                              -45.349998 -3.75 92.699997,
                                              -45.349998 -3.75 0,
                                              -45.209171 -5.1418338 0,
                                              -45.209171 -5.1418338 92.699997,
                                              -45.209171 -7.1418338 92.699997,
                                              -45.209171 -7.1418338 0,
                                              -45.209171 -7.1418338 0,
                                              -45.209171 -7.1418338 92.699997,
                                              -43.018341 -7.1418338 92.699997,
                                              -43.018341 -7.1418338 0,
                                              -43.018341 -7.1418338 0,
                                              -43.018341 -7.1418338 92.699997,
                                              -43.018341 -7.7621298 92.699997,
                                              -43.018341 -7.7621298 0,
                                              -44.5 -9.1622553 0,
                                              -44.5 -9.1622553 92.699997,
                                              -43.018341 -7.7621298 92.699997,
                                              -43.018341 -7.7621298 0,
                                              -42.009171 -11.9 0,
                                              -42.009171 -11.9 92.699997,
                                              -42.09201 -11.230122 92.699997,
                                              -42.335533 -10.600601 92.699997,
                                              -42.725063 -10.049363 92.699997,
                                              -43.237141 -9.6096172 92.699997,
                                              -43.840912 -9.3078547 92.699997,
                                              -44.5 -9.1622553 92.699997,
                                              -44.5 -9.1622553 0,
                                              -42.09201 -11.230122 0,
                                              -42.335533 -10.600601 0,
                                              -42.725063 -10.049363 0,
                                              -43.237141 -9.6096172 0,
                                              -43.840912 -9.3078547 0,
                                              -42 -12.35 0,
                                              -42 -12.35 92.699997,
                                              -42.009171 -11.9 92.699997,
                                              -42.009171 -11.9 0,
                                              42 -12.35 0,
                                              -18.42 -12.350019 2e-015,
                                              42 -12.35 92.699997,
                                              -42 -12.35 92.699997,
                                              -42 -12.35 0,
                                              -20.809999 -12.350019 2e-015,
                                              -20.809999 -12.350019 24.5,
                                              -18.42 -12.350019 24.5,
                                              -18.42 -9.3500185 0,
                                              -18.42 -12.350019 2e-015,
                                              -17.92 -9.3500185 0,
                                              -16.209999 -7.6500182 0,
                                              -16.209999 -7.1500182 0,
                                              -18.41 -7.1500182 0,
                                              -18.41 -5.1500182 0,
                                              -16.209999 -5.1500182 0,
                                              -16.209999 -4.6500182 0,
                                              -17.879999 -2.9500182 0,
                                              -18.379999 -2.9500182 0,
                                              -18.379999 10.05 -1e-015,
                                              -20.799999 10.05 -1e-015,
                                              -20.799999 -2.9500182 0,
                                              -21.299999 -2.9500182 0,
                                              -23.01 -4.6500182 0,
                                              -23.01 -5.1500182 0,
                                              -20.809999 -5.1500182 0,
                                              -20.809999 -7.1500182 0,
                                              -23.01 -7.1500182 0,
                                              -23.01 -7.6500182 0,
                                              -21.309999 -9.3500185 0,
                                              -20.809999 -9.3500185 0,
                                              -20.809999 -12.350019 2e-015,
                                              42 -12.35 0,
                                              42 -12.35 92.699997,
                                              42 -11.9 92.699997,
                                              42 -11.9 0,
                                              44.5 -9.1613874 0,
                                              44.5 -9.1613874 92.699997,
                                              43.838974 -9.3052874 92.699997,
                                              43.233082 -9.6062117 92.699997,
                                              42.71899 -10.045951 92.699997,
                                              42.327808 -10.597891 92.699997,
                                              42.08321 -11.228631 92.699997,
                                              42 -11.9 92.699997,
                                              42 -11.9 0,
                                              43.838974 -9.3052874 0,
                                              43.233082 -9.6062117 0,
                                              42.71899 -10.045951 0,
                                              42.327808 -10.597891 0,
                                              42.08321 -11.228631 0,
                                              43 -7.6500001 0,
                                              43 -7.6500001 92.699997,
                                              44.5 -9.1613874 92.699997,
                                              44.5 -9.1613874 0,
                                              43 -7.6500001 0,
                                              43 -7.6500001 92.699997,
                                              43 -7.1500001 92.699997,
                                              43 -7.1500001 0,
                                              43 -7.1500001 0,
                                              43 -7.1500001 92.699997,
                                              45.19083 -7.1500001 92.699997,
                                              45.19083 -7.1500001 0,
                                              45.19083 -7.1500001 0,
                                              45.19083 -7.1500001 92.699997,
                                              45.19083 -5.1500001 92.699997,
                                              45.19083 -5.1500001 0,
                                              45.19083 -5.1500001 0,
                                              45.19083 -5.1500001 92.699997,
                                              43 -5.1500001 92.699997,
                                              43 -5.1500001 0,
                                              43 -5.1500001 0,
                                              43 -5.1500001 92.699997,
                                              43 3.2853253 92.699997,
                                              43 3.2853253 0,
                                              43 3.2853253 0,
                                              43 3.2853253 92.699997,
                                              45.200001 3.2853253 92.699997,
                                              45.200001 3.2853253 0,
                                              45.200001 6.8499999 0,
                                              45.200001 6.8499999 92.699997,
                                              45.200001 3.2853253 92.699997,
                                              45.200001 3.2853253 0,
                                              45.200001 6.8499999 0,
                                              45.200001 6.8499999 92.699997,
                                              44.75 6.8499999 92.699997,
                                              44.75 6.8499999 0,
                                              42 9.6000004 0,
                                              42 9.6000004 92.699997,
                                              42.068947 8.9880676 92.699997,
                                              42.272335 8.4068193 92.699997,
                                              42.599964 7.8854032 92.699997,
                                              43.035404 7.4499636 92.699997,
                                              43.55682 7.1223354 92.699997,
                                              44.138069 6.9189482 92.699997,
                                              44.75 6.8499999 92.699997,
                                              44.75 6.8499999 0,
                                              42.068947 8.9880676 0,
                                              42.272335 8.4068193 0,
                                              42.599964 7.8854032 0,
                                              43.035404 7.4499636 0,
                                              43.55682 7.1223354 0,
                                              44.138069 6.9189482 0,
                                              42 10.05 0,
                                              42 10.05 92.699997,
                                              42 9.6000004 92.699997,
                                              42 9.6000004 0,
                                              42 10.05 0,
                                              -18.379999 10.05 -1e-015,
                                              42 10.05 92.699997,
                                              -42 10.05 92.699997,
                                              -42 10.05 0,
                                              -20.799999 10.05 -1e-015,
                                              -20.799999 10.05 24.5,
                                              -18.379999 10.05 24.5,
                                              -42 10.05 0,
                                              -42 10.05 92.699997,
                                              -42 9.6000004 92.699997,
                                              -42 9.6000004 0,
                                              -44.75 6.8499999 0,
                                              -44.75 6.8499999 92.699997,
                                              -44.138069 6.9189482 92.699997,
                                              -43.55682 7.1223354 92.699997,
                                              -43.035404 7.4499636 92.699997,
                                              -42.599964 7.8854032 92.699997,
                                              -42.272335 8.4068193 92.699997,
                                              -42.068947 8.9880676 92.699997,
                                              -42 9.6000004 92.699997,
                                              -42 9.6000004 0,
                                              -44.138069 6.9189482 0,
                                              -43.55682 7.1223354 0,
                                              -43.035404 7.4499636 0,
                                              -42.599964 7.8854032 0,
                                              -42.272335 8.4068193 0,
                                              -42.068947 8.9880676 0,
                                              -45.200001 6.8499999 0,
                                              -45.200001 6.8499999 92.699997,
                                              -44.75 6.8499999 92.699997,
                                              -44.75 6.8499999 0,
                                              -45.200001 6.8499999 0,
                                              -45.200001 6.8499999 92.699997,
                                              -45.200001 3.2853253 92.699997,
                                              -45.200001 3.2853253 0,
                                              -45.200001 3.2853253 0,
                                              -45.200001 3.2853253 92.699997,
                                              -43.018341 3.2853253 92.699997,
                                              -43.018341 3.2853253 0,
                                              -43.018341 -5.1418338 0,
                                              -43.018341 -5.1418338 92.699997,
                                              -43.018341 3.2853253 92.699997,
                                              -43.018341 3.2853253 0,
                                              -45.209171 -5.1418338 0,
                                              -45.209171 -5.1418338 92.699997,
                                              -43.018341 -5.1418338 92.699997,
                                              -43.018341 -5.1418338 0,
                                              -43.75 9.6000004 0,
                                              -43.75 9.6000004 92.699997,
                                              -43.779057 9.8393154 92.699997,
                                              -43.864544 10.064723 92.699997,
                                              -44.001488 10.263123 92.699997,
                                              -44.181934 10.422984 92.699997,
                                              -44.395393 10.535016 92.699997,
                                              -44.629463 10.592709 92.699997,
                                              -44.870537 10.592709 92.699997,
                                              -45.104607 10.535016 92.699997,
                                              -45.318066 10.422984 92.699997,
                                              -45.498512 10.263123 92.699997,
                                              -45.635456 10.064723 92.699997,
                                              -45.720943 9.8393154 92.699997,
                                              -45.75 9.6000004 92.699997,
                                              -45.720943 9.3606844 92.699997,
                                              -45.635456 9.1352768 92.699997,
                                              -45.498512 8.9368773 92.699997,
                                              -45.318066 8.7770157 92.699997,
                                              -45.104607 8.6649837 92.699997,
                                              -44.870537 8.6072912 92.699997,
                                              -44.629463 8.6072912 92.699997,
                                              -44.395393 8.6649837 92.699997,
                                              -44.181934 8.7770157 92.699997,
                                              -44.001488 8.9368773 92.699997,
                                              -43.864544 9.1352768 92.699997,
                                              -43.779057 9.3606844 92.699997,
                                              -43.75 9.6000004 92.699997,
                                              -43.75 9.6000004 0,
                                              -43.779057 9.8393154 0,
                                              -43.864544 10.064723 0,
                                              -44.001488 10.263123 0,
                                              -44.181934 10.422984 0,
                                              -44.395393 10.535016 0,
                                              -44.629463 10.592709 0,
                                              -44.870537 10.592709 0,
                                              -45.104607 10.535016 0,
                                              -45.318066 10.422984 0,
                                              -45.498512 10.263123 0,
                                              -45.635456 10.064723 0,
                                              -45.720943 9.8393154 0,
                                              -45.75 9.6000004 0,
                                              -45.720943 9.3606844 0,
                                              -45.635456 9.1352768 0,
                                              -45.498512 8.9368773 0,
                                              -45.318066 8.7770157 0,
                                              -45.104607 8.6649837 0,
                                              -44.870537 8.6072912 0,
                                              -44.629463 8.6072912 0,
                                              -44.395393 8.6649837 0,
                                              -44.181934 8.7770157 0,
                                              -44.001488 8.9368773 0,
                                              -43.864544 9.1352768 0,
                                              -43.779057 9.3606844 0,
                                              45.75 9.6000004 0,
                                              45.75 9.6000004 92.699997,
                                              45.720943 9.8393154 92.699997,
                                              45.635456 10.064723 92.699997,
                                              45.498512 10.263123 92.699997,
                                              45.318066 10.422984 92.699997,
                                              45.104607 10.535016 92.699997,
                                              44.870537 10.592709 92.699997,
                                              44.629463 10.592709 92.699997,
                                              44.395393 10.535016 92.699997,
                                              44.181934 10.422984 92.699997,
                                              44.001488 10.263123 92.699997,
                                              43.864544 10.064723 92.699997,
                                              43.779057 9.8393154 92.699997,
                                              43.75 9.6000004 92.699997,
                                              43.779057 9.3606844 92.699997,
                                              43.864544 9.1352768 92.699997,
                                              44.001488 8.9368773 92.699997,
                                              44.181934 8.7770157 92.699997,
                                              44.395393 8.6649837 92.699997,
                                              44.629463 8.6072912 92.699997,
                                              44.870537 8.6072912 92.699997,
                                              45.104607 8.6649837 92.699997,
                                              45.318066 8.7770157 92.699997,
                                              45.498512 8.9368773 92.699997,
                                              45.635456 9.1352768 92.699997,
                                              45.720943 9.3606844 92.699997,
                                              45.75 9.6000004 92.699997,
                                              45.75 9.6000004 0,
                                              45.720943 9.8393154 0,
                                              45.635456 10.064723 0,
                                              45.498512 10.263123 0,
                                              45.318066 10.422984 0,
                                              45.104607 10.535016 0,
                                              44.870537 10.592709 0,
                                              44.629463 10.592709 0,
                                              44.395393 10.535016 0,
                                              44.181934 10.422984 0,
                                              44.001488 10.263123 0,
                                              43.864544 10.064723 0,
                                              43.779057 9.8393154 0,
                                              43.75 9.6000004 0,
                                              43.779057 9.3606844 0,
                                              43.864544 9.1352768 0,
                                              44.001488 8.9368773 0,
                                              44.181934 8.7770157 0,
                                              44.395393 8.6649837 0,
                                              44.629463 8.6072912 0,
                                              44.870537 8.6072912 0,
                                              45.104607 8.6649837 0,
                                              45.318066 8.7770157 0,
                                              45.498512 8.9368773 0,
                                              45.635456 9.1352768 0,
                                              45.720943 9.3606844 0,
                                              -43.759171 -11.900015 0,
                                              -43.759171 -11.900015 92.699997,
                                              -43.788227 -11.6607 92.699997,
                                              -43.873714 -11.435292 92.699997,
                                              -44.010658 -11.236893 92.699997,
                                              -44.191105 -11.077031 92.699997,
                                              -44.404564 -10.964999 92.699997,
                                              -44.638634 -10.907307 92.699997,
                                              -44.879707 -10.907307 92.699997,
                                              -45.113773 -10.964999 92.699997,
                                              -45.327236 -11.077031 92.699997,
                                              -45.507679 -11.236893 92.699997,
                                              -45.644627 -11.435292 92.699997,
                                              -45.73011 -11.6607 92.699997,
                                              -45.759171 -11.900015 92.699997,
                                              -45.73011 -12.139331 92.699997,
                                              -45.644627 -12.364738 92.699997,
                                              -45.507679 -12.563138 92.699997,
                                              -45.327236 -12.723 92.699997,
                                              -45.113773 -12.835032 92.699997,
                                              -44.879707 -12.892724 92.699997,
                                              -44.638634 -12.892724 92.699997,
                                              -44.404564 -12.835032 92.699997,
                                              -44.191105 -12.723 92.699997,
                                              -44.010658 -12.563138 92.699997,
                                              -43.873714 -12.364738 92.699997,
                                              -43.788227 -12.139331 92.699997,
                                              -43.759171 -11.900015 92.699997,
                                              -43.759171 -11.900015 0,
                                              -43.788227 -11.6607 0,
                                              -43.873714 -11.435292 0,
                                              -44.010658 -11.236893 0,
                                              -44.191105 -11.077031 0,
                                              -44.404564 -10.964999 0,
                                              -44.638634 -10.907307 0,
                                              -44.879707 -10.907307 0,
                                              -45.113773 -10.964999 0,
                                              -45.327236 -11.077031 0,
                                              -45.507679 -11.236893 0,
                                              -45.644627 -11.435292 0,
                                              -45.73011 -11.6607 0,
                                              -45.759171 -11.900015 0,
                                              -45.73011 -12.139331 0,
                                              -45.644627 -12.364738 0,
                                              -45.507679 -12.563138 0,
                                              -45.327236 -12.723 0,
                                              -45.113773 -12.835032 0,
                                              -44.879707 -12.892724 0,
                                              -44.638634 -12.892724 0,
                                              -44.404564 -12.835032 0,
                                              -44.191105 -12.723 0,
                                              -44.010658 -12.563138 0,
                                              -43.873714 -12.364738 0,
                                              -43.788227 -12.139331 0,
                                              45.75 -11.9 0,
                                              45.75 -11.9 92.699997,
                                              45.720943 -11.660685 92.699997,
                                              45.635456 -11.435277 92.699997,
                                              45.498512 -11.236877 92.699997,
                                              45.318066 -11.077016 92.699997,
                                              45.104607 -10.964984 92.699997,
                                              44.870537 -10.907291 92.699997,
                                              44.629463 -10.907291 92.699997,
                                              44.395393 -10.964984 92.699997,
                                              44.181934 -11.077016 92.699997,
                                              44.001488 -11.236877 92.699997,
                                              43.864544 -11.435277 92.699997,
                                              43.779057 -11.660685 92.699997,
                                              43.75 -11.9 92.699997,
                                              43.779057 -12.139316 92.699997,
                                              43.864544 -12.364723 92.699997,
                                              44.001488 -12.563123 92.699997,
                                              44.181934 -12.722984 92.699997,
                                              44.395393 -12.835016 92.699997,
                                              44.629463 -12.892709 92.699997,
                                              44.870537 -12.892709 92.699997,
                                              45.104607 -12.835016 92.699997,
                                              45.318066 -12.722984 92.699997,
                                              45.498512 -12.563123 92.699997,
                                              45.635456 -12.364723 92.699997,
                                              45.720943 -12.139316 92.699997,
                                              45.75 -11.9 92.699997,
                                              45.75 -11.9 0,
                                              45.720943 -11.660685 0,
                                              45.635456 -11.435277 0,
                                              45.498512 -11.236877 0,
                                              45.318066 -11.077016 0,
                                              45.104607 -10.964984 0,
                                              44.870537 -10.907291 0,
                                              44.629463 -10.907291 0,
                                              44.395393 -10.964984 0,
                                              44.181934 -11.077016 0,
                                              44.001488 -11.236877 0,
                                              43.864544 -11.435277 0,
                                              43.779057 -11.660685 0,
                                              43.75 -11.9 0,
                                              43.779057 -12.139316 0,
                                              43.864544 -12.364723 0,
                                              44.001488 -12.563123 0,
                                              44.181934 -12.722984 0,
                                              44.395393 -12.835016 0,
                                              44.629463 -12.892709 0,
                                              44.870537 -12.892709 0,
                                              45.104607 -12.835016 0,
                                              45.318066 -12.722984 0,
                                              45.498512 -12.563123 0,
                                              45.635456 -12.364723 0,
                                              45.720943 -12.139316 0,
                                              -38.75 -14.4 8,
                                              -25.75 -14.4 8,
                                              -38.75 -14.4 84.699997,
                                              -25.75 -14.4 84.699997,
                                              10.1 12.35 88.949997,
                                              10.1 12.1 88.949997,
                                              10.656302 12.1 88.887321,
                                              11.18471 12.1 88.702423,
                                              11.658725 12.1 88.404579,
                                              12.054579 12.1 88.008728,
                                              12.352422 12.1 87.534706,
                                              12.53732 12.1 87.006302,
                                              12.6 12.1 86.449997,
                                              12.6 12.35 86.449997,
                                              10.656302 12.35 88.887321,
                                              11.18471 12.35 88.702423,
                                              11.658725 12.35 88.404579,
                                              12.054579 12.35 88.008728,
                                              12.352422 12.35 87.534706,
                                              12.53732 12.35 87.006302,
                                              -10.1 12.35 88.949997,
                                              -10.1 12.1 88.949997,
                                              10.1 12.1 88.949997,
                                              10.1 12.35 88.949997,
                                              -12.6 12.35 86.449997,
                                              -12.6 12.1 86.449997,
                                              -12.53732 12.1 87.006302,
                                              -12.352422 12.1 87.534706,
                                              -12.054579 12.1 88.008728,
                                              -11.658725 12.1 88.404579,
                                              -11.18471 12.1 88.702423,
                                              -10.656302 12.1 88.887321,
                                              -10.1 12.1 88.949997,
                                              -10.1 12.35 88.949997,
                                              -12.53732 12.35 87.006302,
                                              -12.352422 12.35 87.534706,
                                              -12.054579 12.35 88.008728,
                                              -11.658725 12.35 88.404579,
                                              -11.18471 12.35 88.702423,
                                              -10.656302 12.35 88.887321,
                                              -12.6 12.35 6.25,
                                              -12.6 12.1 6.25,
                                              -12.6 12.1 86.449997,
                                              -12.6 12.35 86.449997,
                                              -10.1 12.35 3.75,
                                              -10.1 12.1 3.75,
                                              -10.656302 12.1 3.8126802,
                                              -11.18471 12.1 3.9975779,
                                              -11.658725 12.1 4.2954211,
                                              -12.054579 12.1 4.6912756,
                                              -12.352422 12.1 5.1652908,
                                              -12.53732 12.1 5.6936975,
                                              -12.6 12.1 6.25,
                                              -12.6 12.35 6.25,
                                              -10.656302 12.35 3.8126802,
                                              -11.18471 12.35 3.9975779,
                                              -11.658725 12.35 4.2954211,
                                              -12.054579 12.35 4.6912756,
                                              -12.352422 12.35 5.1652908,
                                              -12.53732 12.35 5.6936975,
                                              10.1 12.35 3.75,
                                              10.1 12.1 3.75,
                                              -10.1 12.1 3.75,
                                              -10.1 12.35 3.75,
                                              12.6 12.35 6.25,
                                              12.6 12.1 6.25,
                                              12.53732 12.1 5.6936975,
                                              12.352422 12.1 5.1652908,
                                              12.054579 12.1 4.6912756,
                                              11.658725 12.1 4.2954211,
                                              11.18471 12.1 3.9975779,
                                              10.656302 12.1 3.8126802,
                                              10.1 12.1 3.75,
                                              10.1 12.35 3.75,
                                              12.53732 12.35 5.6936975,
                                              12.352422 12.35 5.1652908,
                                              12.054579 12.35 4.6912756,
                                              11.658725 12.35 4.2954211,
                                              11.18471 12.35 3.9975779,
                                              10.656302 12.35 3.8126802,
                                              12.6 12.35 86.449997,
                                              12.6 12.1 86.449997,
                                              12.6 12.1 6.25,
                                              12.6 12.35 6.25,
                                              -18.42 -9.3500185 0,
                                              -18.42 -9.3500185 24.5,
                                              -18.42 -12.350019 24.5,
                                              -18.42 -12.350019 2e-015,
                                              -20.809999 -9.3500185 24.5,
                                              -20.809999 -12.350019 24.5,
                                              -18.42 -12.350019 24.5,
                                              -18.42 -9.3500185 24.5,
                                              -17.92 -9.3500185 24.5,
                                              -16.209999 -7.6500182 24.5,
                                              -16.209999 -7.1500182 24.5,
                                              -18.41 -7.1500182 24.5,
                                              -18.41 -5.1500182 24.5,
                                              -16.209999 -5.1500182 24.5,
                                              -16.209999 -4.6500182 24.5,
                                              -17.879999 -2.9500182 24.5,
                                              -18.379999 -2.9500182 24.5,
                                              -18.379999 10.05 24.5,
                                              -20.799999 10.05 24.5,
                                              -20.799999 -2.9500182 24.5,
                                              -21.299999 -2.9500182 24.5,
                                              -23.01 -4.6500182 24.5,
                                              -23.01 -5.1500182 24.5,
                                              -20.809999 -5.1500182 24.5,
                                              -20.809999 -7.1500182 24.5,
                                              -23.01 -7.1500182 24.5,
                                              -23.01 -7.6500182 24.5,
                                              -21.309999 -9.3500185 24.5,
                                              -20.809999 -9.3500185 0,
                                              -20.809999 -9.3500185 24.5,
                                              -20.809999 -12.350019 24.5,
                                              -20.809999 -12.350019 2e-015,
                                              -20.809999 -9.3500185 0,
                                              -20.809999 -9.3500185 24.5,
                                              -21.309999 -9.3500185 24.5,
                                              -21.309999 -9.3500185 0,
                                              -21.309999 -9.3500185 0,
                                              -21.309999 -9.3500185 24.5,
                                              -23.01 -7.6500182 24.5,
                                              -23.01 -7.6500182 0,
                                              -23.01 -7.1500182 0,
                                              -23.01 -7.1500182 24.5,
                                              -23.01 -7.6500182 24.5,
                                              -23.01 -7.6500182 0,
                                              -23.01 -7.1500182 0,
                                              -23.01 -7.1500182 24.5,
                                              -20.809999 -7.1500182 24.5,
                                              -20.809999 -7.1500182 0,
                                              -20.809999 -5.1500182 0,
                                              -20.809999 -5.1500182 24.5,
                                              -20.809999 -7.1500182 24.5,
                                              -20.809999 -7.1500182 0,
                                              -20.809999 -5.1500182 0,
                                              -20.809999 -5.1500182 24.5,
                                              -23.01 -5.1500182 24.5,
                                              -23.01 -5.1500182 0,
                                              -23.01 -5.1500182 0,
                                              -23.01 -5.1500182 24.5,
                                              -23.01 -4.6500182 24.5,
                                              -23.01 -4.6500182 0,
                                              -23.01 -4.6500182 0,
                                              -23.01 -4.6500182 24.5,
                                              -21.299999 -2.9500182 24.5,
                                              -21.299999 -2.9500182 0,
                                              -21.299999 -2.9500182 0,
                                              -21.299999 -2.9500182 24.5,
                                              -20.799999 -2.9500182 24.5,
                                              -20.799999 -2.9500182 0,
                                              -20.799999 -2.9500182 0,
                                              -20.799999 -2.9500182 24.5,
                                              -20.799999 10.05 24.5,
                                              -20.799999 10.05 -1e-015,
                                              -18.379999 -2.9500182 0,
                                              -18.379999 -2.9500182 24.5,
                                              -18.379999 10.05 24.5,
                                              -18.379999 10.05 -1e-015,
                                              -17.879999 -2.9500182 0,
                                              -17.879999 -2.9500182 24.5,
                                              -18.379999 -2.9500182 24.5,
                                              -18.379999 -2.9500182 0,
                                              -16.209999 -4.6500182 0,
                                              -16.209999 -4.6500182 24.5,
                                              -17.879999 -2.9500182 24.5,
                                              -17.879999 -2.9500182 0,
                                              -16.209999 -5.1500182 0,
                                              -16.209999 -5.1500182 24.5,
                                              -16.209999 -4.6500182 24.5,
                                              -16.209999 -4.6500182 0,
                                              -18.41 -5.1500182 0,
                                              -18.41 -5.1500182 24.5,
                                              -16.209999 -5.1500182 24.5,
                                              -16.209999 -5.1500182 0,
                                              -18.41 -7.1500182 0,
                                              -18.41 -7.1500182 24.5,
                                              -18.41 -5.1500182 24.5,
                                              -18.41 -5.1500182 0,
                                              -16.209999 -7.1500182 0,
                                              -16.209999 -7.1500182 24.5,
                                              -18.41 -7.1500182 24.5,
                                              -18.41 -7.1500182 0,
                                              -16.209999 -7.6500182 0,
                                              -16.209999 -7.6500182 24.5,
                                              -16.209999 -7.1500182 24.5,
                                              -16.209999 -7.1500182 0,
                                              -16.209999 -7.6500182 0,
                                              -16.209999 -7.6500182 24.5,
                                              -17.92 -9.3500185 24.5,
                                              -17.92 -9.3500185 0,
                                              -18.42 -9.3500185 0,
                                              -18.42 -9.3500185 24.5,
                                              -17.92 -9.3500185 24.5,
                                              -17.92 -9.3500185 0,
                                              12.6 12.1 86.449997,
                                              12.6 12.1 6.25,
                                              12.53732 12.1 5.6936975,
                                              12.352422 12.1 5.1652908,
                                              12.054579 12.1 4.6912756,
                                              11.658725 12.1 4.2954211,
                                              11.18471 12.1 3.9975779,
                                              10.656302 12.1 3.8126802,
                                              10.1 12.1 3.75,
                                              -10.1 12.1 3.75,
                                              -10.656302 12.1 3.8126802,
                                              -11.18471 12.1 3.9975779,
                                              -11.658725 12.1 4.2954211,
                                              -12.054579 12.1 4.6912756,
                                              -12.352422 12.1 5.1652908,
                                              -12.53732 12.1 5.6936975,
                                              -12.6 12.1 6.25,
                                              -12.6 12.1 86.449997,
                                              -12.53732 12.1 87.006302,
                                              -12.352422 12.1 87.534706,
                                              -12.054579 12.1 88.008728,
                                              -11.658725 12.1 88.404579,
                                              -11.18471 12.1 88.702423,
                                              -10.656302 12.1 88.887321,
                                              -10.1 12.1 88.949997,
                                              10.1 12.1 88.949997,
                                              10.656302 12.1 88.887321,
                                              11.18471 12.1 88.702423,
                                              11.658725 12.1 88.404579,
                                              12.054579 12.1 88.008728,
                                              12.352422 12.1 87.534706,
                                              12.53732 12.1 87.006302,
                                              -47.509171 -11.9 0,
                                              -47.509171 -11.9 92.699997,
                                              -44.75 -14.65 0,
                                              -44.75 -14.65 92.699997,
                                              -47.509171 -2.75 0,
                                              -47.509171 -2.75 92.699997,
                                              44.75 -14.65 0,
                                              44.75 -14.65 92.699997,
                                              -38.75 -14.65 8,
                                              -25.75 -14.65 8,
                                              -38.75 -14.65 84.699997,
                                              -25.75 -14.65 84.699997,
                                              47.5 -11.899995 0,
                                              47.5 -2.75 0,
                                              46.5 -2.75 0,
                                              45.349998 -3.75 0,
                                              44.75 -3.75 0,
                                              44.75 1.45 0,
                                              45.349998 1.45 0,
                                              46.5 0.44999999 0,
                                              47.5 0.44999999 0,
                                              47.5 9.6000004 0,
                                              44.75 12.35 0,
                                              -44.75 12.35 0,
                                              -47.5 9.6000004 0,
                                              -47.5 0.44999999 0,
                                              -46.5 0.44999999 0,
                                              -45.349998 1.45 0,
                                              -44.75 1.45 0,
                                              -44.75 -3.75 0,
                                              -45.349998 -3.75 0,
                                              -46.509171 -2.75 0,
                                              -45.209171 -5.1418338 0,
                                              -45.209171 -7.1418338 0,
                                              -43.018341 -7.1418338 0,
                                              -43.018341 -7.7621298 0,
                                              -44.5 -9.1622553 0,
                                              -42.009171 -11.9 0,
                                              -42 -12.35 0,
                                              42 -12.35 0,
                                              -18.42 -12.350019 2e-015,
                                              -20.809999 -12.350019 2e-015,
                                              42 -11.9 0,
                                              44.5 -9.1613874 0,
                                              43 -7.6500001 0,
                                              43 -7.1500001 0,
                                              45.19083 -7.1500001 0,
                                              45.19083 -5.1500001 0,
                                              43 -5.1500001 0,
                                              43 3.2853253 0,
                                              45.200001 3.2853253 0,
                                              45.200001 6.8499999 0,
                                              44.75 6.8499999 0,
                                              42 9.6000004 0,
                                              42 10.05 0,
                                              -18.379999 10.05 -1e-015,
                                              -20.799999 10.05 -1e-015,
                                              -42 10.05 0,
                                              -42 9.6000004 0,
                                              -44.75 6.8499999 0,
                                              -45.200001 6.8499999 0,
                                              -45.200001 3.2853253 0,
                                              -43.018341 3.2853253 0,
                                              -43.018341 -5.1418338 0,
                                              -43.75 9.6000004 0,
                                              45.75 9.6000004 0,
                                              -43.759171 -11.900015 0,
                                              45.75 -11.9 0,
                                              47.5 -11.899995 92.699997,
                                              47.5 -2.75 92.699997,
                                              46.5 -2.75 92.699997,
                                              45.349998 -3.75 92.699997,
                                              44.75 -3.75 92.699997,
                                              44.75 1.45 92.699997,
                                              45.349998 1.45 92.699997,
                                              46.5 0.44999999 92.699997,
                                              47.5 0.44999999 92.699997,
                                              47.5 9.6000004 92.699997,
                                              44.75 12.35 92.699997,
                                              -44.75 12.35 92.699997,
                                              -47.5 9.6000004 92.699997,
                                              -47.5 0.44999999 92.699997,
                                              -46.5 0.44999999 92.699997,
                                              -45.349998 1.45 92.699997,
                                              -44.75 1.45 92.699997,
                                              -44.75 -3.75 92.699997,
                                              -45.349998 -3.75 92.699997,
                                              -46.509171 -2.75 92.699997,
                                              -45.209171 -5.1418338 92.699997,
                                              -45.209171 -7.1418338 92.699997,
                                              -43.018341 -7.1418338 92.699997,
                                              -43.018341 -7.7621298 92.699997,
                                              -44.5 -9.1622553 92.699997,
                                              -42.009171 -11.9 92.699997,
                                              -42 -12.35 92.699997,
                                              42 -12.35 92.699997,
                                              42 -11.9 92.699997,
                                              44.5 -9.1613874 92.699997,
                                              43 -7.6500001 92.699997,
                                              43 -7.1500001 92.699997,
                                              45.19083 -7.1500001 92.699997,
                                              45.19083 -5.1500001 92.699997,
                                              43 -5.1500001 92.699997,
                                              43 3.2853253 92.699997,
                                              45.200001 3.2853253 92.699997,
                                              45.200001 6.8499999 92.699997,
                                              44.75 6.8499999 92.699997,
                                              42 9.6000004 92.699997,
                                              42 10.05 92.699997,
                                              -42 10.05 92.699997,
                                              -42 9.6000004 92.699997,
                                              -44.75 6.8499999 92.699997,
                                              -45.200001 6.8499999 92.699997,
                                              -45.200001 3.2853253 92.699997,
                                              -43.018341 3.2853253 92.699997,
                                              -43.018341 -5.1418338 92.699997,
                                              -43.75 9.6000004 92.699997,
                                              45.75 9.6000004 92.699997,
                                              -43.759171 -11.900015 92.699997,
                                              45.75 -11.9 92.699997,
                                              -38.75 -14.4 8,
                                              -25.75 -14.4 8,
                                              -38.75 -14.4 84.699997,
                                              -25.75 -14.4 84.699997,
                                              10.1 12.35 88.949997,
                                              12.6 12.35 86.449997,
                                              -10.1 12.35 88.949997,
                                              -12.6 12.35 86.449997,
                                              -12.6 12.35 6.25,
                                              -10.1 12.35 3.75,
                                              10.1 12.35 3.75,
                                              12.6 12.35 6.25,
                                              -18.42 -12.350019 24.5,
                                              -20.809999 -12.350019 24.5,
                                              -20.809999 -9.3500185 0,
                                              -21.309999 -9.3500185 0,
                                              -23.01 -7.6500182 0,
                                              -23.01 -7.1500182 0,
                                              -20.809999 -7.1500182 0,
                                              -20.809999 -5.1500182 0,
                                              -23.01 -5.1500182 0,
                                              -23.01 -4.6500182 0,
                                              -21.299999 -2.9500182 0,
                                              -20.799999 -2.9500182 0,
                                              -18.379999 -2.9500182 0,
                                              -17.879999 -2.9500182 0,
                                              -16.209999 -4.6500182 0,
                                              -16.209999 -5.1500182 0,
                                              -18.41 -5.1500182 0,
                                              -18.41 -7.1500182 0,
                                              -16.209999 -7.1500182 0,
                                              -16.209999 -7.6500182 0,
                                              -17.92 -9.3500185 0,
                                              -18.42 -9.3500185 0,
                                              -18.379999 10.05 24.5,
                                              -20.799999 10.05 24.5,
                                              10.1 12.1 88.949997,
                                              12.6 12.1 86.449997,
                                              -10.1 12.1 88.949997,
                                              -12.6 12.1 86.449997,
                                              -12.6 12.1 6.25,
                                              -10.1 12.1 3.75,
                                              10.1 12.1 3.75,
                                              12.6 12.1 6.25,
                                              -18.42 -9.3500185 24.5,
                                              -20.809999 -9.3500185 24.5,
                                              -21.309999 -9.3500185 24.5,
                                              -23.01 -7.6500182 24.5,
                                              -23.01 -7.1500182 24.5,
                                              -20.809999 -7.1500182 24.5,
                                              -20.809999 -5.1500182 24.5,
                                              -23.01 -5.1500182 24.5,
                                              -23.01 -4.6500182 24.5,
                                              -21.299999 -2.9500182 24.5,
                                              -20.799999 -2.9500182 24.5,
                                              -18.379999 -2.9500182 24.5,
                                              -17.879999 -2.9500182 24.5,
                                              -16.209999 -4.6500182 24.5,
                                              -16.209999 -5.1500182 24.5,
                                              -18.41 -5.1500182 24.5,
                                              -18.41 -7.1500182 24.5,
                                              -16.209999 -7.1500182 24.5,
                                              -16.209999 -7.6500182 24.5,
                                              -17.92 -9.3500185 24.5 ]

                                        }

                                      }

                                    }

                                },
                                  
                                DEF o129 Group {
                                  children 
                                    DEF o130 Shape {
                                      appearance 
                                      Appearance {
                                        material 
                                        Material {
                                          diffuseColor 0 0 0
                                          ambientIntensity 0.10196079
                                          specularColor 0.05882353 0.05882353 0.05882353
                                          shininess 0.0077999998
                                          transparency 0.89999998

                                        }

                                      }
                                      geometry 
                                      IndexedFaceSet {
                                        coord 
                                        USE o128
                                        coordIndex [ 0, 10, 1, -1, 1, 10, 2, -1,
                                            2, 10, 3, -1, 10, 11, 3, -1,
                                            3, 12, 4, -1, 11, 12, 3, -1,
                                            4, 13, 5, -1, 12, 13, 4, -1,
                                            5, 14, 6, -1, 13, 14, 5, -1,
                                            6, 15, 7, -1, 14, 15, 6, -1,
                                            7, 9, 8, -1, 15, 9, 7, -1,
                                            19, 16, 17, -1, 19, 17, 18, -1,
                                            27, 26, 21, -1, 26, 22, 21, -1,
                                            27, 20, 24, -1, 21, 20, 27, -1,
                                            20, 25, 24, -1, 25, 23, 26, -1,
                                            26, 23, 22, -1, 20, 23, 25, -1,
                                            31, 198, 32, -1, 32, 199, 33, -1,
                                            198, 199, 32, -1, 30, 197, 31, -1,
                                            31, 197, 198, -1, 33, 200, 34, -1,
                                            199, 200, 33, -1, 29, 196, 30, -1,
                                            30, 196, 197, -1, 34, 201, 35, -1,
                                            200, 201, 34, -1, 28, 195, 29, -1,
                                            29, 195, 196, -1, 201, 202, 35, -1,
                                            28, 194, 195, -1, 202, 203, 35, -1,
                                            28, 193, 194, -1, 203, 204, 35, -1,
                                            28, 192, 193, -1, 204, 119, 35, -1,
                                            205, 119, 204, -1, 206, 119, 205, -1,
                                            207, 119, 206, -1, 183, 120, 182, -1,
                                            207, 120, 119, -1, 182, 120, 207, -1,
                                            28, 126, 192, -1, 189, 126, 188, -1,
                                            190, 126, 189, -1, 191, 126, 190, -1,
                                            192, 126, 191, -1, 183, 121, 120, -1,
                                            184, 121, 183, -1, 126, 125, 188, -1,
                                            188, 125, 187, -1, 184, 122, 121, -1,
                                            185, 122, 184, -1, 187, 124, 186, -1,
                                            125, 124, 187, -1, 186, 123, 185, -1,
                                            124, 123, 186, -1, 185, 123, 122, -1,
                                            28, 129, 126, -1, 129, 127, 126, -1,
                                            129, 75, 76, -1, 28, 75, 129, -1,
                                            129, 128, 127, -1, 74, 73, 75, -1,
                                            75, 73, 76, -1, 73, 72, 76, -1,
                                            72, 77, 76, -1, 68, 70, 69, -1,
                                            72, 71, 77, -1, 68, 79, 70, -1,
                                            70, 79, 71, -1, 71, 78, 77, -1,
                                            79, 78, 71, -1, 68, 67, 79, -1,
                                            79, 67, 80, -1, 67, 146, 80, -1,
                                            146, 147, 80, -1, 67, 145, 146, -1,
                                            147, 148, 80, -1, 67, 144, 145, -1,
                                            148, 149, 80, -1, 80, 149, 81, -1,
                                            66, 143, 67, -1, 67, 143, 144, -1,
                                            149, 150, 81, -1, 81, 150, 82, -1,
                                            65, 142, 66, -1, 66, 142, 143, -1,
                                            150, 151, 82, -1, 82, 151, 83, -1,
                                            64, 141, 65, -1, 65, 141, 142, -1,
                                            83, 152, 84, -1, 151, 152, 83, -1,
                                            64, 140, 141, -1, 152, 153, 84, -1,
                                            154, 85, 153, -1, 153, 85, 84, -1,
                                            140, 63, 139, -1, 64, 63, 140, -1,
                                            155, 86, 154, -1, 154, 86, 85, -1,
                                            139, 62, 138, -1, 63, 62, 139, -1,
                                            119, 118, 35, -1, 155, 87, 86, -1,
                                            130, 87, 155, -1, 138, 61, 137, -1,
                                            62, 61, 138, -1, 130, 88, 87, -1,
                                            61, 60, 137, -1, 135, 60, 134, -1,
                                            136, 60, 135, -1, 137, 60, 136, -1,
                                            131, 89, 130, -1, 132, 89, 131, -1,
                                            133, 89, 132, -1, 134, 89, 133, -1,
                                            60, 89, 134, -1, 130, 89, 88, -1,
                                            118, 117, 35, -1, 60, 90, 89, -1,
                                            117, 36, 35, -1, 116, 36, 117, -1,
                                            116, 225, 36, -1, 224, 225, 116, -1,
                                            116, 223, 224, -1, 225, 226, 36, -1,
                                            116, 222, 223, -1, 226, 227, 36, -1,
                                            116, 221, 222, -1, 115, 221, 116, -1,
                                            36, 228, 37, -1, 227, 228, 36, -1,
                                            115, 220, 221, -1, 114, 220, 115, -1,
                                            37, 229, 38, -1, 228, 229, 37, -1,
                                            114, 219, 220, -1, 113, 219, 114, -1,
                                            38, 230, 39, -1, 229, 230, 38, -1,
                                            113, 218, 219, -1, 112, 218, 113, -1,
                                            230, 231, 39, -1, 112, 217, 218, -1,
                                            232, 40, 231, -1, 231, 40, 39, -1,
                                            112, 111, 217, -1, 217, 111, 216, -1,
                                            233, 41, 232, -1, 232, 41, 40, -1,
                                            111, 110, 216, -1, 216, 110, 215, -1,
                                            208, 42, 233, -1, 233, 42, 41, -1,
                                            212, 109, 211, -1, 213, 109, 212, -1,
                                            214, 109, 213, -1, 215, 109, 214, -1,
                                            110, 109, 215, -1, 209, 43, 208, -1,
                                            109, 43, 211, -1, 210, 43, 209, -1,
                                            211, 43, 210, -1, 208, 43, 42, -1,
                                            107, 106, 108, -1, 108, 106, 109, -1,
                                            109, 106, 43, -1, 104, 47, 105, -1,
                                            47, 46, 105, -1, 46, 44, 105, -1,
                                            45, 44, 46, -1, 106, 44, 43, -1,
                                            105, 44, 106, -1, 104, 48, 47, -1,
                                            104, 103, 48, -1, 49, 51, 50, -1,
                                            48, 102, 49, -1, 103, 102, 48, -1,
                                            49, 102, 51, -1, 96, 172, 97, -1,
                                            172, 173, 97, -1, 97, 173, 98, -1,
                                            96, 171, 172, -1, 95, 171, 96, -1,
                                            173, 174, 98, -1, 98, 174, 99, -1,
                                            95, 170, 171, -1, 94, 170, 95, -1,
                                            174, 175, 99, -1, 99, 175, 100, -1,
                                            94, 169, 170, -1, 92, 169, 93, -1,
                                            93, 169, 94, -1, 175, 176, 100, -1,
                                            100, 176, 101, -1, 92, 168, 169, -1,
                                            176, 177, 101, -1, 92, 167, 168, -1,
                                            177, 178, 101, -1, 92, 166, 167, -1,
                                            178, 179, 101, -1, 92, 165, 166, -1,
                                            102, 52, 51, -1, 180, 52, 179, -1,
                                            181, 52, 180, -1, 156, 52, 181, -1,
                                            179, 52, 101, -1, 101, 52, 102, -1,
                                            163, 59, 162, -1, 164, 59, 163, -1,
                                            165, 59, 164, -1, 91, 59, 92, -1,
                                            92, 59, 165, -1, 157, 53, 156, -1,
                                            156, 53, 52, -1, 162, 58, 161, -1,
                                            59, 58, 162, -1, 158, 54, 157, -1,
                                            157, 54, 53, -1, 58, 57, 161, -1,
                                            161, 57, 160, -1, 159, 55, 158, -1,
                                            158, 55, 54, -1, 57, 56, 160, -1,
                                            159, 56, 55, -1, 160, 56, 159, -1,
                                            60, 59, 90, -1, 90, 59, 91, -1,
                                            400, 237, 238, -1, 401, 238, 239, -1,
                                            401, 400, 238, -1, 399, 236, 237, -1,
                                            399, 237, 400, -1, 402, 239, 240, -1,
                                            402, 401, 239, -1, 398, 235, 236, -1,
                                            398, 236, 399, -1, 403, 240, 241, -1,
                                            403, 402, 240, -1, 397, 234, 235, -1,
                                            397, 235, 398, -1, 404, 403, 241, -1,
                                            396, 234, 397, -1, 405, 404, 241, -1,
                                            395, 234, 396, -1, 406, 405, 241, -1,
                                            394, 234, 395, -1, 321, 406, 241, -1,
                                            321, 407, 406, -1, 321, 408, 407, -1,
                                            321, 409, 408, -1, 322, 385, 384, -1,
                                            322, 409, 321, -1, 322, 384, 409, -1,
                                            328, 234, 394, -1, 328, 391, 390, -1,
                                            328, 392, 391, -1, 328, 393, 392, -1,
                                            328, 394, 393, -1, 323, 385, 322, -1,
                                            323, 386, 385, -1, 327, 328, 390, -1,
                                            327, 390, 389, -1, 324, 386, 323, -1,
                                            324, 387, 386, -1, 326, 389, 388, -1,
                                            326, 327, 389, -1, 325, 388, 387, -1,
                                            325, 326, 388, -1, 325, 387, 324, -1,
                                            331, 234, 328, -1, 329, 331, 328, -1,
                                            281, 234, 331, -1, 281, 331, 282, -1,
                                            330, 331, 329, -1, 279, 280, 281, -1,
                                            279, 281, 282, -1, 278, 279, 282, -1,
                                            283, 278, 282, -1, 276, 274, 275, -1,
                                            277, 278, 283, -1, 285, 274, 276, -1,
                                            285, 276, 277, -1, 284, 277, 283, -1,
                                            284, 285, 277, -1, 273, 274, 285, -1,
                                            273, 285, 286, -1, 348, 273, 286, -1,
                                            349, 348, 286, -1, 347, 273, 348, -1,
                                            350, 349, 286, -1, 346, 273, 347, -1,
                                            351, 350, 286, -1, 351, 286, 287, -1,
                                            345, 272, 273, -1, 345, 273, 346, -1,
                                            352, 351, 287, -1, 352, 287, 288, -1,
                                            344, 271, 272, -1, 344, 272, 345, -1,
                                            353, 352, 288, -1, 353, 288, 289, -1,
                                            343, 271, 344, -1, 343, 270, 271, -1,
                                            354, 353, 289, -1, 354, 289, 290, -1,
                                            342, 270, 343, -1, 355, 354, 290, -1,
                                            291, 356, 355, -1, 291, 355, 290, -1,
                                            269, 342, 341, -1, 269, 270, 342, -1,
                                            292, 357, 356, -1, 292, 356, 291, -1,
                                            268, 341, 340, -1, 268, 269, 341, -1,
                                            293, 332, 357, -1, 293, 357, 292, -1,
                                            267, 340, 339, -1, 267, 268, 340, -1,
                                            294, 332, 293, -1, 266, 337, 336, -1,
                                            266, 338, 337, -1, 266, 339, 338, -1,
                                            266, 267, 339, -1, 295, 335, 334, -1,
                                            295, 266, 336, -1, 295, 336, 335, -1,
                                            295, 332, 294, -1, 295, 333, 332, -1,
                                            295, 334, 333, -1, 242, 321, 241, -1,
                                            242, 320, 321, -1, 427, 320, 242, -1,
                                            427, 426, 320, -1, 425, 320, 426, -1,
                                            428, 427, 242, -1, 424, 320, 425, -1,
                                            429, 428, 242, -1, 423, 320, 424, -1,
                                            423, 319, 320, -1, 430, 429, 242, -1,
                                            430, 242, 243, -1, 422, 319, 423, -1,
                                            422, 318, 319, -1, 431, 243, 244, -1,
                                            431, 430, 243, -1, 421, 318, 422, -1,
                                            421, 317, 318, -1, 432, 244, 245, -1,
                                            432, 431, 244, -1, 420, 317, 421, -1,
                                            420, 316, 317, -1, 433, 432, 245, -1,
                                            419, 316, 420, -1, 246, 433, 245, -1,
                                            246, 434, 433, -1, 315, 316, 419, -1,
                                            315, 419, 418, -1, 247, 434, 246, -1,
                                            247, 435, 434, -1, 314, 315, 418, -1,
                                            314, 418, 417, -1, 248, 410, 435, -1,
                                            248, 435, 247, -1, 313, 414, 413, -1,
                                            313, 415, 414, -1, 313, 416, 415, -1,
                                            313, 417, 416, -1, 313, 314, 417, -1,
                                            249, 313, 413, -1, 249, 411, 410, -1,
                                            249, 412, 411, -1, 249, 410, 248, -1,
                                            249, 413, 412, -1, 310, 313, 249, -1,
                                            310, 311, 312, -1, 310, 312, 313, -1,
                                            253, 308, 309, -1, 252, 253, 309, -1,
                                            250, 251, 252, -1, 250, 309, 310, -1,
                                            250, 310, 249, -1, 250, 252, 309, -1,
                                            254, 308, 253, -1, 307, 308, 254, -1,
                                            257, 255, 256, -1, 306, 307, 254, -1,
                                            306, 255, 257, -1, 306, 254, 255, -1,
                                            374, 300, 301, -1, 375, 374, 301, -1,
                                            375, 301, 302, -1, 373, 300, 374, -1,
                                            373, 299, 300, -1, 376, 302, 303, -1,
                                            376, 375, 302, -1, 372, 299, 373, -1,
                                            372, 298, 299, -1, 377, 376, 303, -1,
                                            377, 303, 304, -1, 371, 298, 372, -1,
                                            371, 296, 297, -1, 371, 297, 298, -1,
                                            378, 377, 304, -1, 378, 304, 305, -1,
                                            370, 296, 371, -1, 379, 378, 305, -1,
                                            369, 296, 370, -1, 380, 379, 305, -1,
                                            368, 296, 369, -1, 381, 380, 305, -1,
                                            367, 296, 368, -1, 258, 306, 257, -1,
                                            258, 382, 381, -1, 258, 383, 382, -1,
                                            258, 358, 383, -1, 258, 381, 305, -1,
                                            258, 305, 306, -1, 265, 365, 364, -1,
                                            265, 366, 365, -1, 265, 367, 366, -1,
                                            265, 296, 367, -1, 259, 359, 358, -1,
                                            259, 358, 258, -1, 264, 364, 363, -1,
                                            264, 265, 364, -1, 260, 360, 359, -1,
                                            260, 359, 259, -1, 263, 363, 362, -1,
                                            263, 264, 363, -1, 261, 361, 360, -1,
                                            261, 360, 260, -1, 262, 362, 361, -1,
                                            262, 361, 261, -1, 262, 263, 362, -1,
                                            265, 266, 295, -1, 265, 295, 296, -1,
                                            436, 437, 438, -1, 439, 436, 438, -1,
                                            440, 450, 441, -1, 441, 450, 442, -1,
                                            442, 451, 443, -1, 450, 451, 442, -1,
                                            443, 452, 444, -1, 451, 452, 443, -1,
                                            444, 453, 445, -1, 452, 453, 444, -1,
                                            445, 454, 446, -1, 453, 454, 445, -1,
                                            446, 455, 447, -1, 454, 455, 446, -1,
                                            447, 449, 448, -1, 455, 449, 447, -1,
                                            456, 459, 457, -1, 457, 459, 458, -1,
                                            460, 463, 461, -1, 461, 463, 462, -1,
                                            464, 467, 465, -1, 465, 467, 466, -1,
                                            468, 471, 469, -1, 469, 471, 470, -1,
                                            475, 472, 473, -1, 475, 473, 474, -1,
                                            477, 476, 478, -1, 476, 479, 478, -1,
                                            483, 480, 481, -1, 483, 481, 482, -1,
                                            487, 484, 485, -1, 487, 485, 486, -1,
                                            491, 488, 489, -1, 491, 489, 490, -1,
                                            495, 492, 493, -1, 495, 493, 494, -1,
                                            496, 499, 497, -1, 497, 499, 498, -1,
                                            500, 501, 502, -1, 503, 500, 502, -1,
                                            507, 504, 505, -1, 507, 505, 506, -1,
                                            509, 508, 510, -1, 508, 518, 510, -1,
                                            510, 519, 511, -1, 511, 519, 512, -1,
                                            518, 519, 510, -1, 519, 520, 512, -1,
                                            512, 521, 513, -1, 513, 521, 514, -1,
                                            520, 521, 512, -1, 514, 522, 515, -1,
                                            521, 522, 514, -1, 522, 523, 515, -1,
                                            515, 517, 516, -1, 523, 517, 515, -1,
                                            525, 532, 531, -1, 525, 533, 532, -1,
                                            531, 530, 525, -1, 530, 529, 525, -1,
                                            525, 534, 533, -1, 529, 528, 525, -1,
                                            525, 535, 534, -1, 552, 526, 553, -1,
                                            553, 526, 554, -1, 554, 526, 555, -1,
                                            555, 526, 556, -1, 556, 526, 557, -1,
                                            557, 526, 558, -1, 558, 526, 559, -1,
                                            559, 526, 528, -1, 528, 526, 525, -1,
                                            524, 536, 525, -1, 525, 536, 535, -1,
                                            524, 537, 536, -1, 524, 538, 537, -1,
                                            524, 539, 538, -1, 524, 540, 539, -1,
                                            524, 541, 540, -1, 524, 542, 541, -1,
                                            545, 527, 546, -1, 546, 527, 547, -1,
                                            547, 527, 548, -1, 548, 527, 549, -1,
                                            549, 527, 550, -1, 550, 527, 551, -1,
                                            551, 527, 552, -1, 552, 527, 526, -1,
                                            524, 527, 543, -1, 524, 543, 542, -1,
                                            543, 527, 544, -1, 544, 527, 545, -1,
                                            560, 570, 561, -1, 561, 570, 562, -1,
                                            562, 570, 563, -1, 570, 571, 563, -1,
                                            563, 572, 564, -1, 571, 572, 563, -1,
                                            564, 573, 565, -1, 572, 573, 564, -1,
                                            565, 574, 566, -1, 566, 574, 567, -1,
                                            573, 574, 565, -1, 574, 575, 567, -1,
                                            567, 569, 568, -1, 575, 569, 567, -1,
                                            579, 576, 577, -1, 579, 577, 578, -1,
                                            581, 580, 582, -1, 580, 583, 582, -1,
                                            584, 587, 585, -1, 585, 587, 586, -1,
                                            588, 589, 590, -1, 591, 588, 590, -1,
                                            593, 592, 594, -1, 592, 595, 594, -1,
                                            597, 596, 598, -1, 596, 599, 598, -1,
                                            603, 600, 601, -1, 603, 601, 602, -1,
                                            604, 605, 606, -1, 607, 604, 606, -1,
                                            611, 608, 609, -1, 611, 609, 610, -1,
                                            615, 612, 613, -1, 615, 613, 614, -1,
                                            616, 619, 617, -1, 617, 619, 618, -1,
                                            620, 629, 621, -1, 621, 629, 622, -1,
                                            622, 629, 623, -1, 629, 630, 623, -1,
                                            623, 631, 624, -1, 624, 631, 625, -1,
                                            630, 631, 623, -1, 631, 632, 625, -1,
                                            625, 633, 626, -1, 632, 633, 625, -1,
                                            626, 628, 627, -1, 633, 628, 626, -1,
                                            634, 637, 635, -1, 635, 637, 636, -1,
                                            638, 645, 640, -1, 640, 645, 641, -1,
                                            645, 644, 641, -1, 638, 639, 645, -1,
                                            643, 642, 644, -1, 644, 642, 641, -1,
                                            669, 668, 647, -1, 665, 664, 666, -1,
                                            666, 664, 667, -1, 667, 664, 668, -1,
                                            664, 646, 668, -1, 668, 646, 647, -1,
                                            661, 663, 662, -1, 646, 651, 648, -1,
                                            664, 651, 646, -1, 661, 660, 663, -1,
                                            651, 649, 648, -1, 660, 659, 663, -1,
                                            663, 652, 664, -1, 664, 652, 651, -1,
                                            659, 652, 663, -1, 651, 650, 649, -1,
                                            659, 656, 652, -1, 652, 654, 653, -1,
                                            652, 655, 654, -1, 656, 655, 652, -1,
                                            658, 657, 659, -1, 659, 657, 656, -1,
                                            673, 670, 671, -1, 673, 671, 672, -1,
                                            674, 683, 675, -1, 675, 683, 676, -1,
                                            676, 683, 677, -1, 683, 684, 677, -1,
                                            677, 685, 678, -1, 684, 685, 677, -1,
                                            678, 686, 679, -1, 685, 686, 678, -1,
                                            679, 687, 680, -1, 686, 687, 679, -1,
                                            680, 682, 681, -1, 687, 682, 680, -1,
                                            688, 691, 689, -1, 689, 691, 690, -1,
                                            695, 692, 693, -1, 695, 693, 694, -1,
                                            699, 696, 697, -1, 699, 697, 698, -1,
                                            700, 701, 702, -1, 703, 700, 702, -1,
                                            707, 704, 705, -1, 707, 705, 706, -1,
                                            711, 708, 709, -1, 711, 709, 710, -1,
                                            715, 712, 713, -1, 715, 713, 714, -1,
                                            716, 719, 717, -1, 717, 719, 718, -1,
                                            723, 720, 721, -1, 723, 721, 722, -1,
                                            724, 734, 725, -1, 725, 734, 726, -1,
                                            726, 735, 727, -1, 734, 735, 726, -1,
                                            727, 736, 728, -1, 728, 736, 729, -1,
                                            735, 736, 727, -1, 736, 737, 729, -1,
                                            729, 738, 730, -1, 737, 738, 729, -1,
                                            730, 739, 731, -1, 731, 739, 732, -1,
                                            738, 739, 730, -1, 739, 733, 732, -1,
                                            740, 743, 741, -1, 741, 743, 742, -1,
                                            751, 744, 746, -1, 751, 746, 747, -1,
                                            750, 751, 747, -1, 745, 744, 751, -1,
                                            748, 749, 750, -1, 748, 750, 747, -1,
                                            755, 752, 753, -1, 755, 753, 754, -1,
                                            756, 766, 757, -1, 757, 766, 758, -1,
                                            758, 767, 759, -1, 766, 767, 758, -1,
                                            759, 768, 760, -1, 767, 768, 759, -1,
                                            760, 769, 761, -1, 761, 769, 762, -1,
                                            768, 769, 760, -1, 762, 770, 763, -1,
                                            769, 770, 762, -1, 770, 771, 763, -1,
                                            763, 765, 764, -1, 771, 765, 763, -1,
                                            772, 775, 773, -1, 773, 775, 774, -1,
                                            779, 776, 777, -1, 779, 777, 778, -1,
                                            783, 780, 781, -1, 783, 781, 782, -1,
                                            784, 787, 785, -1, 785, 787, 786, -1,
                                            788, 791, 789, -1, 789, 791, 790, -1,
                                            792, 793, 794, -1, 821, 792, 794, -1,
                                            822, 794, 795, -1, 822, 821, 794, -1,
                                            823, 795, 796, -1, 823, 796, 797, -1,
                                            823, 822, 795, -1, 824, 823, 797, -1,
                                            825, 797, 798, -1, 825, 824, 797, -1,
                                            826, 798, 799, -1, 826, 799, 800, -1,
                                            826, 825, 798, -1, 827, 826, 800, -1,
                                            828, 800, 801, -1, 828, 827, 800, -1,
                                            829, 801, 802, -1, 829, 828, 801, -1,
                                            830, 802, 803, -1, 830, 829, 802, -1,
                                            831, 803, 804, -1, 831, 830, 803, -1,
                                            832, 831, 804, -1, 832, 804, 805, -1,
                                            833, 832, 805, -1, 833, 805, 806, -1,
                                            833, 806, 807, -1, 834, 833, 807, -1,
                                            835, 834, 807, -1, 835, 807, 808, -1,
                                            836, 808, 809, -1, 836, 835, 808, -1,
                                            837, 809, 810, -1, 837, 836, 809, -1,
                                            838, 810, 811, -1, 838, 837, 810, -1,
                                            839, 811, 812, -1, 839, 838, 811, -1,
                                            840, 812, 813, -1, 840, 839, 812, -1,
                                            841, 813, 814, -1, 841, 840, 813, -1,
                                            842, 814, 815, -1, 842, 841, 814, -1,
                                            843, 815, 816, -1, 843, 842, 815, -1,
                                            844, 816, 817, -1, 844, 817, 818, -1,
                                            844, 843, 816, -1, 845, 844, 818, -1,
                                            820, 818, 819, -1, 820, 845, 818, -1,
                                            846, 847, 848, -1, 875, 846, 848, -1,
                                            876, 848, 849, -1, 876, 875, 848, -1,
                                            877, 849, 850, -1, 877, 850, 851, -1,
                                            877, 876, 849, -1, 878, 877, 851, -1,
                                            879, 851, 852, -1, 879, 878, 851, -1,
                                            880, 852, 853, -1, 880, 853, 854, -1,
                                            880, 879, 852, -1, 881, 880, 854, -1,
                                            882, 854, 855, -1, 882, 881, 854, -1,
                                            883, 855, 856, -1, 883, 882, 855, -1,
                                            884, 856, 857, -1, 884, 883, 856, -1,
                                            885, 857, 858, -1, 885, 884, 857, -1,
                                            886, 885, 858, -1, 886, 858, 859, -1,
                                            887, 886, 859, -1, 887, 859, 860, -1,
                                            887, 860, 861, -1, 888, 887, 861, -1,
                                            889, 888, 861, -1, 889, 861, 862, -1,
                                            890, 862, 863, -1, 890, 889, 862, -1,
                                            891, 863, 864, -1, 891, 890, 863, -1,
                                            892, 864, 865, -1, 892, 891, 864, -1,
                                            893, 865, 866, -1, 893, 892, 865, -1,
                                            894, 866, 867, -1, 894, 893, 866, -1,
                                            895, 867, 868, -1, 895, 894, 867, -1,
                                            896, 868, 869, -1, 896, 895, 868, -1,
                                            897, 869, 870, -1, 897, 896, 869, -1,
                                            898, 870, 871, -1, 898, 871, 872, -1,
                                            898, 897, 870, -1, 899, 898, 872, -1,
                                            874, 872, 873, -1, 874, 899, 872, -1,
                                            900, 901, 902, -1, 929, 900, 902, -1,
                                            930, 902, 903, -1, 930, 929, 902, -1,
                                            931, 903, 904, -1, 931, 904, 905, -1,
                                            931, 930, 903, -1, 932, 931, 905, -1,
                                            933, 905, 906, -1, 933, 932, 905, -1,
                                            934, 906, 907, -1, 934, 907, 908, -1,
                                            934, 933, 906, -1, 935, 934, 908, -1,
                                            936, 908, 909, -1, 936, 935, 908, -1,
                                            937, 909, 910, -1, 937, 936, 909, -1,
                                            938, 910, 911, -1, 938, 937, 910, -1,
                                            939, 911, 912, -1, 939, 938, 911, -1,
                                            940, 939, 912, -1, 940, 912, 913, -1,
                                            941, 940, 913, -1, 941, 913, 914, -1,
                                            941, 914, 915, -1, 942, 941, 915, -1,
                                            943, 942, 915, -1, 943, 915, 916, -1,
                                            944, 916, 917, -1, 944, 943, 916, -1,
                                            945, 917, 918, -1, 945, 944, 917, -1,
                                            946, 918, 919, -1, 946, 945, 918, -1,
                                            947, 919, 920, -1, 947, 946, 919, -1,
                                            948, 920, 921, -1, 948, 947, 920, -1,
                                            949, 921, 922, -1, 949, 948, 921, -1,
                                            950, 922, 923, -1, 950, 949, 922, -1,
                                            951, 923, 924, -1, 951, 950, 923, -1,
                                            952, 924, 925, -1, 952, 925, 926, -1,
                                            952, 951, 924, -1, 953, 952, 926, -1,
                                            928, 926, 927, -1, 928, 953, 926, -1,
                                            954, 955, 956, -1, 983, 954, 956, -1,
                                            984, 956, 957, -1, 984, 983, 956, -1,
                                            985, 957, 958, -1, 985, 958, 959, -1,
                                            985, 984, 957, -1, 986, 985, 959, -1,
                                            987, 959, 960, -1, 987, 986, 959, -1,
                                            988, 960, 961, -1, 988, 961, 962, -1,
                                            988, 987, 960, -1, 989, 988, 962, -1,
                                            990, 962, 963, -1, 990, 989, 962, -1,
                                            991, 963, 964, -1, 991, 990, 963, -1,
                                            992, 964, 965, -1, 992, 991, 964, -1,
                                            993, 965, 966, -1, 993, 992, 965, -1,
                                            994, 993, 966, -1, 994, 966, 967, -1,
                                            995, 994, 967, -1, 995, 967, 968, -1,
                                            995, 968, 969, -1, 996, 995, 969, -1,
                                            997, 996, 969, -1, 997, 969, 970, -1,
                                            998, 970, 971, -1, 998, 997, 970, -1,
                                            999, 971, 972, -1, 999, 998, 971, -1,
                                            1000, 972, 973, -1, 1000, 999, 972, -1,
                                            1001, 973, 974, -1, 1001, 1000, 973, -1,
                                            1002, 974, 975, -1, 1002, 1001, 974, -1,
                                            1003, 975, 976, -1, 1003, 1002, 975, -1,
                                            1004, 976, 977, -1, 1004, 1003, 976, -1,
                                            1005, 977, 978, -1, 1005, 1004, 977, -1,
                                            1006, 978, 979, -1, 1006, 979, 980, -1,
                                            1006, 1005, 978, -1, 1007, 1006, 980, -1,
                                            982, 980, 981, -1, 982, 1007, 980, -1,
                                            1009, 1010, 1008, -1, 1009, 1011, 1010, -1,
                                            1012, 1022, 1013, -1, 1013, 1022, 1014, -1,
                                            1014, 1023, 1015, -1, 1022, 1023, 1014, -1,
                                            1015, 1024, 1016, -1, 1023, 1024, 1015, -1,
                                            1016, 1025, 1017, -1, 1024, 1025, 1016, -1,
                                            1017, 1026, 1018, -1, 1025, 1026, 1017, -1,
                                            1018, 1027, 1019, -1, 1026, 1027, 1018, -1,
                                            1019, 1021, 1020, -1, 1027, 1021, 1019, -1,
                                            1028, 1030, 1029, -1, 1028, 1031, 1030, -1,
                                            1032, 1042, 1033, -1, 1033, 1042, 1034, -1,
                                            1034, 1043, 1035, -1, 1042, 1043, 1034, -1,
                                            1035, 1044, 1036, -1, 1043, 1044, 1035, -1,
                                            1036, 1045, 1037, -1, 1044, 1045, 1036, -1,
                                            1037, 1046, 1038, -1, 1045, 1046, 1037, -1,
                                            1038, 1047, 1039, -1, 1046, 1047, 1038, -1,
                                            1039, 1041, 1040, -1, 1047, 1041, 1039, -1,
                                            1048, 1051, 1049, -1, 1049, 1051, 1050, -1,
                                            1052, 1062, 1053, -1, 1053, 1062, 1054, -1,
                                            1054, 1063, 1055, -1, 1062, 1063, 1054, -1,
                                            1055, 1064, 1056, -1, 1063, 1064, 1055, -1,
                                            1056, 1065, 1057, -1, 1064, 1065, 1056, -1,
                                            1057, 1066, 1058, -1, 1065, 1066, 1057, -1,
                                            1058, 1067, 1059, -1, 1066, 1067, 1058, -1,
                                            1059, 1061, 1060, -1, 1067, 1061, 1059, -1,
                                            1068, 1070, 1069, -1, 1068, 1071, 1070, -1,
                                            1072, 1082, 1073, -1, 1073, 1082, 1074, -1,
                                            1074, 1083, 1075, -1, 1082, 1083, 1074, -1,
                                            1075, 1084, 1076, -1, 1083, 1084, 1075, -1,
                                            1076, 1085, 1077, -1, 1084, 1085, 1076, -1,
                                            1077, 1086, 1078, -1, 1085, 1086, 1077, -1,
                                            1078, 1087, 1079, -1, 1086, 1087, 1078, -1,
                                            1079, 1081, 1080, -1, 1087, 1081, 1079, -1,
                                            1088, 1091, 1089, -1, 1089, 1091, 1090, -1,
                                            1095, 1092, 1093, -1, 1095, 1093, 1094, -1,
                                            1116, 1117, 1118, -1, 1116, 1118, 1119, -1,
                                            1116, 1119, 1096, -1, 1099, 1096, 1097, -1,
                                            1099, 1097, 1098, -1, 1099, 1116, 1096, -1,
                                            1115, 1113, 1114, -1, 1103, 1099, 1100, -1,
                                            1103, 1116, 1099, -1, 1112, 1113, 1115, -1,
                                            1101, 1103, 1100, -1, 1111, 1112, 1115, -1,
                                            1104, 1115, 1116, -1, 1104, 1116, 1103, -1,
                                            1104, 1111, 1115, -1, 1102, 1103, 1101, -1,
                                            1108, 1111, 1104, -1, 1106, 1104, 1105, -1,
                                            1107, 1104, 1106, -1, 1107, 1108, 1104, -1,
                                            1109, 1110, 1111, -1, 1109, 1111, 1108, -1,
                                            1120, 1123, 1121, -1, 1121, 1123, 1122, -1,
                                            1127, 1124, 1125, -1, 1127, 1125, 1126, -1,
                                            1131, 1128, 1129, -1, 1131, 1129, 1130, -1,
                                            1133, 1132, 1134, -1, 1132, 1135, 1134, -1,
                                            1139, 1136, 1137, -1, 1139, 1137, 1138, -1,
                                            1140, 1143, 1141, -1, 1141, 1143, 1142, -1,
                                            1144, 1145, 1146, -1, 1147, 1144, 1146, -1,
                                            1148, 1149, 1150, -1, 1151, 1148, 1150, -1,
                                            1155, 1152, 1153, -1, 1155, 1153, 1154, -1,
                                            1156, 1157, 1158, -1, 1159, 1156, 1158, -1,
                                            1160, 1161, 1162, -1, 1163, 1160, 1162, -1,
                                            1164, 1167, 1165, -1, 1165, 1167, 1166, -1,
                                            1169, 1168, 1170, -1, 1168, 1171, 1170, -1,
                                            1172, 1175, 1173, -1, 1173, 1175, 1174, -1,
                                            1177, 1176, 1178, -1, 1176, 1179, 1178, -1,
                                            1180, 1183, 1181, -1, 1181, 1183, 1182, -1,
                                            1184, 1187, 1185, -1, 1185, 1187, 1186, -1,
                                            1188, 1191, 1189, -1, 1189, 1191, 1190, -1,
                                            1193, 1192, 1194, -1, 1192, 1195, 1194, -1,
                                            1199, 1196, 1197, -1, 1199, 1197, 1198, -1,
                                            1200, 1203, 1201, -1, 1201, 1203, 1202, -1,
                                            1215, 1216, 1217, -1, 1219, 1217, 1218, -1,
                                            1213, 1214, 1215, -1, 1220, 1215, 1217, -1,
                                            1220, 1217, 1219, -1, 1220, 1213, 1215, -1,
                                            1209, 1210, 1211, -1, 1208, 1211, 1212, -1,
                                            1208, 1209, 1211, -1, 1206, 1207, 1208, -1,
                                            1206, 1208, 1212, -1, 1205, 1212, 1213, -1,
                                            1205, 1213, 1220, -1, 1205, 1206, 1212, -1,
                                            1221, 1205, 1220, -1, 1225, 1221, 1222, -1,
                                            1225, 1222, 1223, -1, 1225, 1223, 1224, -1,
                                            1227, 1225, 1226, -1, 1227, 1221, 1225, -1,
                                            1228, 1221, 1227, -1, 1204, 1228, 1229, -1,
                                            1204, 1205, 1221, -1, 1204, 1221, 1228, -1,
                                            1233, 1229, 1230, -1, 1233, 1230, 1231, -1,
                                            1233, 1231, 1232, -1, 1233, 1234, 1235, -1,
                                            1233, 1235, 1204, -1, 1233, 1204, 1229, -1 ]
                                        ccw TRUE
                                        solid FALSE
                                        convex TRUE
                                        creaseAngle 0

                                      }

                                    }

                                },
                                  
                                DEF o131 Group {
                                  children 
                                    DEF o132 Shape {
                                      appearance 
                                      Appearance {
                                        material 
                                        Material {
                                          diffuseColor 1 1 1
                                          shininess 1

                                        }

                                      }
                                      geometry 
                                      IndexedLineSet {
                                        coord 
                                        USE o128
                                        coordIndex [ 0, 1, -1, 9, 8, -1, 0, 10,
                                            11, 12, 13, 14, 15, 9, -1, 1,
                                            2, 3, 4, 5, 6, 7, 8, -1,
                                            19, 18, -1, 16, 19, -1, 17, 18,
                                            -1, 20, 23, -1, 21, 22, -1, 23,
                                            22, -1, 24, 25, -1, 27, 24, -1,
                                            26, 27, -1, 25, 26, -1, 36, 37,
                                            38, 39, 40, 41, 42, 43, -1, 44,
                                            43, -1, 44, 45, -1, 46, 45, -1,
                                            47, 46, -1, 48, 47, -1, 49, 48,
                                            -1, 49, 50, -1, 51, 50, -1, 52,
                                            51, -1, 52, 53, 54, 55, 56, 57,
                                            58, 59, -1, 59, 60, -1, 60, 61,
                                            62, 63, 64, 65, 66, 67, -1, 68,
                                            67, -1, 68, 69, -1, 69, 70, -1,
                                            71, 70, -1, 71, 72, -1, 72, 73,
                                            -1, 74, 73, -1, 75, 74, -1, 76,
                                            129, -1, 129, 128, -1, 128, 127, -1,
                                            126, 127, -1, 120, 121, 122, 123, 124,
                                            125, 126, -1, 119, 120, -1, 116, 117,
                                            -1, 117, 118, -1, 118, 119, -1, 116,
                                            115, -1, 109, 110, 111, 112, 113, 114,
                                            115, -1, 108, 109, -1, 108, 107, -1,
                                            107, 106, -1, 106, 105, -1, 105, 104,
                                            -1, 104, 103, -1, 103, 102, -1, 101,
                                            102, -1, 101, 100, -1, 93, 94, 95,
                                            96, 97, 98, 99, 100, -1, 92, 93,
                                            -1, 92, 91, -1, 91, 90, -1, 90,
                                            89, -1, 89, 88, -1, 81, 82, 83,
                                            84, 85, 86, 87, 88, -1, 80, 81,
                                            -1, 80, 79, -1, 79, 78, -1, 77,
                                            78, -1, 76, 77, -1, 130, 131, 132,
                                            133, 134, 135, 136, 137, 138, 139, 140,
                                            141, 142, 143, 144, 145, 146, 147, 148,
                                            149, 150, 151, 152, 153, 154, 155, 130,
                                            -1, 156, 157, 158, 159, 160, 161, 162,
                                            163, 164, 165, 166, 167, 168, 169, 170,
                                            171, 172, 173, 174, 175, 176, 177, 178,
                                            179, 180, 181, 156, -1, 182, 183, 184,
                                            185, 186, 187, 188, 189, 190, 191, 192,
                                            193, 194, 195, 196, 197, 198, 199, 200,
                                            201, 202, 203, 204, 205, 206, 207, 182,
                                            -1, 208, 209, 210, 211, 212, 213, 214,
                                            215, 216, 217, 218, 219, 220, 221, 222,
                                            223, 224, 225, 226, 227, 228, 229, 230,
                                            231, 232, 233, 208, -1, 242, 243, 244,
                                            245, 246, 247, 248, 249, -1, 250, 249,
                                            -1, 250, 251, -1, 252, 251, -1, 253,
                                            252, -1, 254, 253, -1, 255, 254, -1,
                                            255, 256, -1, 257, 256, -1, 258, 257,
                                            -1, 258, 259, 260, 261, 262, 263, 264,
                                            265, -1, 265, 266, -1, 266, 267, 268,
                                            269, 270, 271, 272, 273, -1, 274, 273,
                                            -1, 274, 275, -1, 275, 276, -1, 277,
                                            276, -1, 277, 278, -1, 278, 279, -1,
                                            280, 279, -1, 281, 280, -1, 282, 331,
                                            -1, 331, 330, -1, 330, 329, -1, 328,
                                            329, -1, 322, 323, 324, 325, 326, 327,
                                            328, -1, 321, 322, -1, 320, 321, -1,
                                            320, 319, -1, 313, 314, 315, 316, 317,
                                            318, 319, -1, 312, 313, -1, 312, 311,
                                            -1, 311, 310, -1, 310, 309, -1, 309,
                                            308, -1, 308, 307, -1, 307, 306, -1,
                                            305, 306, -1, 305, 304, -1, 297, 298,
                                            299, 300, 301, 302, 303, 304, -1, 296,
                                            297, -1, 296, 295, -1, 295, 294, -1,
                                            287, 288, 289, 290, 291, 292, 293, 294,
                                            -1, 286, 287, -1, 286, 285, -1, 285,
                                            284, -1, 283, 284, -1, 282, 283, -1,
                                            332, 333, 334, 335, 336, 337, 338, 339,
                                            340, 341, 342, 343, 344, 345, 346, 347,
                                            348, 349, 350, 351, 352, 353, 354, 355,
                                            356, 357, 332, -1, 358, 359, 360, 361,
                                            362, 363, 364, 365, 366, 367, 368, 369,
                                            370, 371, 372, 373, 374, 375, 376, 377,
                                            378, 379, 380, 381, 382, 383, 358, -1,
                                            384, 385, 386, 387, 388, 389, 390, 391,
                                            392, 393, 394, 395, 396, 397, 398, 399,
                                            400, 401, 402, 403, 404, 405, 406, 407,
                                            408, 409, 384, -1, 410, 411, 412, 413,
                                            414, 415, 416, 417, 418, 419, 420, 421,
                                            422, 423, 424, 425, 426, 427, 428, 429,
                                            430, 431, 432, 433, 434, 435, 410, -1,
                                            439, 438, -1, 449, 448, -1, 456, 457,
                                            -1, 459, 458, -1, 457, 458, -1, 460,
                                            461, -1, 461, 462, -1, 464, 465, -1,
                                            465, 466, -1, 469, 470, -1, 472, 473,
                                            -1, 479, 478, -1, 480, 481, -1, 484,
                                            485, -1, 488, 489, -1, 492, 493, -1,
                                            499, 498, -1, 500, 501, -1, 504, 505,
                                            -1, 517, 516, -1, 527, 526, -1, 528,
                                            529, 530, 531, 532, 533, 534, 535, -1,
                                            559, 528, -1, 552, 553, 554, 555, 556,
                                            557, 558, 559, -1, 551, 552, -1, 544,
                                            545, 546, 547, 548, 549, 550, 551, -1,
                                            543, 544, -1, 536, 537, 538, 539, 540,
                                            541, 542, 543, -1, 535, 536, -1, 569,
                                            568, -1, 576, 577, -1, 583, 582, -1,
                                            587, 586, -1, 588, 589, -1, 595, 594,
                                            -1, 599, 598, -1, 604, 605, -1, 607,
                                            606, -1, 611, 610, -1, 615, 614, -1,
                                            616, 617, -1, 620, 621, -1, 634, 635,
                                            -1, 639, 645, -1, 644, 645, -1, 643,
                                            644, -1, 638, 640, -1, 668, 667, -1,
                                            667, 666, -1, 665, 666, -1, 665, 664,
                                            -1, 663, 664, -1, 663, 662, -1, 662,
                                            661, -1, 661, 660, -1, 660, 659, -1,
                                            659, 658, -1, 656, 657, -1, 655, 656,
                                            -1, 654, 655, -1, 653, 654, -1, 652,
                                            653, -1, 651, 652, -1, 650, 651, -1,
                                            649, 650, -1, 649, 648, -1, 646, 648,
                                            -1, 646, 647, -1, 668, 669, -1, 673,
                                            672, -1, 674, 675, -1, 688, 689, -1,
                                            695, 694, -1, 699, 698, -1, 703, 702,
                                            -1, 707, 706, -1, 711, 710, -1, 715,
                                            714, -1, 716, 717, -1, 723, 722, -1,
                                            724, 725, -1, 740, 741, -1, 745, 751,
                                            -1, 750, 751, -1, 749, 750, -1, 748,
                                            747, -1, 755, 754, -1, 756, 757, -1,
                                            772, 773, -1, 779, 778, -1, 783, 782,
                                            -1, 784, 785, -1, 792, 793, -1, 846,
                                            847, -1, 900, 901, -1, 954, 955, -1,
                                            1012, 1013, -1, 1021, 1020, -1, 1013, 1014,
                                            1015, 1016, 1017, 1018, 1019, 1020, -1, 1028,
                                            1029, -1, 1029, 1030, -1, 1032, 1033, -1,
                                            1033, 1034, 1035, 1036, 1037, 1038, 1039, 1040,
                                            -1, 1048, 1049, -1, 1049, 1050, -1, 1052,
                                            1053, -1, 1053, 1054, 1055, 1056, 1057, 1058,
                                            1059, 1060, -1, 1068, 1069, -1, 1069, 1070,
                                            -1, 1072, 1073, -1, 1073, 1074, 1075, 1076,
                                            1077, 1078, 1079, 1080, -1, 1089, 1090, -1,
                                            1092, 1093, -1, 1093, 1094, -1, 1096, 1119,
                                            -1, 1119, 1118, -1, 1117, 1118, -1, 1117,
                                            1116, -1, 1115, 1116, -1, 1115, 1114, -1,
                                            1114, 1113, -1, 1113, 1112, -1, 1112, 1111,
                                            -1, 1111, 1110, -1, 1108, 1109, -1, 1107,
                                            1108, -1, 1106, 1107, -1, 1105, 1106, -1,
                                            1104, 1105, -1, 1103, 1104, -1, 1102, 1103,
                                            -1, 1101, 1102, -1, 1101, 1100, -1, 1099,
                                            1100, -1, 1096, 1097, -1, 1120, 1121, -1,
                                            1127, 1126, -1, 1131, 1130, -1, 1132, 1133,
                                            -1, 1139, 1138, -1, 1140, 1141, -1, 1147,
                                            1146, -1, 1151, 1150, -1, 1155, 1154, -1,
                                            1159, 1158, -1, 1164, 1165, -1, 1168, 1169,
                                            -1, 1172, 1173, -1, 1176, 1177, -1, 1180,
                                            1181, -1, 1184, 1185, -1, 1188, 1189, -1,
                                            1192, 1193, -1, 1199, 1198, -1 ]

                                      }

                                    }

                                } ]

                            },
                              
                            DEF o133 Group {

                            } ]

                        }

                    } ]

                },
                  
                DEF o134 Group {

                } ]

            }

        } ]

    }

}
